Name,Matches,Innings,Overs,Runs,Wickets,Average,Economy,Strike Rate,4W Hauls,5W Hauls,Bowling Type
Anil Kumble,292,292,98.9,259.8,487,0.53,2.63,1.22,0,16,Fast
Ish Sodhi,10,7,296.0,1560.6,7,222.94,5.27,253.71,0,0,Medium
Angelo Mathews,216,212,292.0,1702.3,211,8.07,5.83,8.3,7,6,Spin
Arshdeep Singh,184,184,578.5,2387.6,143,16.7,4.13,24.27,6,2,Spin
Andile Phehlukwayo,23,20,163.3,663.0,35,18.94,4.06,27.99,1,1,Spin
Stuart Broad,258,255,330.6,2029.5,438,4.63,6.14,4.53,8,4,Medium
Ashton Agar,286,281,494.2,2391.0,376,6.36,4.84,7.89,18,0,Spin
Nathan Lyon,212,211,72.5,357.4,110,3.25,4.93,3.95,4,3,Medium
James Anderson,213,209,488.9,2253.6,254,8.87,4.61,11.55,8,7,Medium
Waqar Younis,152,147,407.5,2528.9,294,8.6,6.21,8.32,10,5,Medium
Keshav Maharaj,99,95,307.9,1775.1,125,14.2,5.77,14.78,6,0,Medium
Tim Southee,284,283,310.4,1213.5,148,8.2,3.91,12.58,0,3,Medium
Rashid Khan,167,166,279.9,1539.5,122,12.62,5.5,13.77,4,2,Spin
Shane Warne,240,238,269.5,1689.6,129,13.1,6.27,12.53,1,3,Fast
Wasim Akram,110,109,242.7,1084.9,109,9.95,4.47,13.36,3,1,Spin
Zaheer Khan,163,163,342.7,1779.8,195,9.13,5.19,10.54,5,3,Spin
Matt Henry,27,26,145.2,555.8,19,29.25,3.83,45.85,0,0,Fast
Mohammed Shami,193,188,48.0,301.4,358,0.84,6.28,0.8,2,6,Spin
Mustafizur Rahman,293,288,372.8,1054.9,404,2.61,2.83,5.54,3,2,Medium
Waqar Younis,17,15,573.8,1727.8,8,215.97,3.01,430.35,0,0,Fast
Abdul Razzaq,240,236,223.6,1214.7,210,5.78,5.43,6.39,10,2,Fast
Roston Chase,88,85,570.3,1745.1,105,16.62,3.06,32.59,3,3,Spin
Anil Kumble,243,238,382.2,2373.6,459,5.17,6.21,5.0,0,3,Fast
Shoaib Akhtar,156,154,146.5,669.5,148,4.52,4.57,5.94,0,2,Medium
T Natarajan,255,253,311.8,798.4,476,1.68,2.56,3.93,0,3,Medium
Josh Hazlewood,123,123,110.4,425.1,65,6.54,3.85,10.19,3,1,Fast
Roston Chase,116,112,439.6,1563.1,142,11.01,3.56,18.57,6,0,Fast
Tabraiz Shamsi,224,220,512.7,2398.1,207,11.59,4.68,14.86,10,2,Fast
Mark Wood,234,231,148.8,534.4,288,1.86,3.59,3.1,12,6,Fast
Brett Lee,60,58,563.7,1925.6,99,19.45,3.42,34.16,0,3,Medium
Dale Steyn,78,73,517.1,2915.6,124,23.51,5.64,25.02,5,4,Spin
Shahid Afridi,14,14,21.6,140.3,13,10.79,6.5,9.97,0,0,Medium
Tabraiz Shamsi,24,19,532.0,2856.7,31,92.15,5.37,102.97,0,0,Spin
Adil Rashid,111,108,457.2,2299.9,183,12.57,5.03,14.99,3,2,Fast
Anil Kumble,64,63,386.5,1758.6,79,22.26,4.55,29.35,1,2,Spin
Chaminda Vaas,46,44,593.8,1838.0,84,21.88,3.1,42.41,0,0,Fast
Shane Warne,46,41,73.2,413.3,43,9.61,5.65,10.21,2,1,Spin
Ish Sodhi,220,219,319.1,908.3,385,2.36,2.85,4.97,8,5,Medium
Tim Southee,149,144,64.2,312.9,109,2.87,4.87,3.53,0,1,Spin
Dwaine Pretorius,241,240,504.4,1840.1,374,4.92,3.65,8.09,6,10,Spin
Ravi Bishnoi,200,198,238.5,752.2,295,2.55,3.15,4.85,7,7,Medium
Anil Kumble,95,94,166.6,1013.6,96,10.56,6.08,10.41,0,3,Spin
Brett Lee,252,252,258.9,1200.6,292,4.11,4.64,5.32,13,5,Spin
Lungi Ngidi,113,112,576.8,3441.6,149,23.1,5.97,23.23,7,1,Spin
Nathan Lyon,187,187,585.4,1947.2,372,5.23,3.33,9.44,18,12,Spin
T Natarajan,199,194,213.3,550.5,181,3.04,2.58,7.07,0,1,Medium
Abdul Razzaq,120,119,88.9,513.9,183,2.81,5.78,2.91,7,6,Fast
Sheldon Cottrell,12,12,214.2,660.4,8,82.55,3.08,160.65,0,0,Medium
Lasith Malinga,253,253,349.7,1164.7,425,2.74,3.33,4.94,0,1,Medium
Ravindra Jadeja,51,51,31.9,106.4,44,2.42,3.34,4.35,0,1,Medium
George Linde,51,51,395.1,2293.5,62,36.99,5.8,38.24,3,0,Medium
Mehidy Hasan,71,71,269.9,997.0,87,11.46,3.69,18.61,3,0,Medium
Jaydev Unadkat,191,186,186.2,547.0,137,3.99,2.94,8.15,2,2,Fast
Rashid Khan,37,36,472.1,2062.0,70,29.46,4.37,40.47,0,2,Fast
Chaminda Vaas,101,96,418.2,1529.1,143,10.69,3.66,17.55,2,2,Medium
Axar Patel,286,282,56.5,172.6,411,0.42,3.05,0.82,3,13,Spin
Josh Hazlewood,162,161,121.2,501.5,283,1.77,4.14,2.57,9,3,Spin
Ajit Agarkar,113,112,24.3,119.3,178,0.67,4.91,0.82,5,5,Spin
Sean Abbott,26,25,293.4,738.7,33,22.38,2.52,53.35,1,0,Spin
Jasprit Bumrah,273,269,247.9,716.2,140,5.12,2.89,10.62,1,2,Medium
Shaheen Afridi,75,70,458.1,1203.6,74,16.26,2.63,37.14,2,1,Medium
Bhuvneshwar Kumar,66,61,334.3,1263.6,61,20.71,3.78,32.88,0,2,Fast
James Anderson,124,121,276.3,1139.7,98,11.63,4.12,16.92,2,3,Spin
Nathan Ellis,64,61,117.0,442.8,41,10.8,3.78,17.12,0,0,Spin
Yasir Shah,299,297,268.3,867.6,423,2.05,3.23,3.81,5,0,Fast
Romario Shepherd,267,265,270.4,836.4,448,1.87,3.09,3.62,9,9,Medium
Jerome Taylor,191,188,510.3,1881.2,178,10.57,3.69,17.2,2,5,Spin
Jason Holder,79,76,168.2,661.0,78,8.47,3.93,12.94,3,1,Medium
Taskin Ahmed,212,208,444.0,2160.8,154,14.03,4.87,17.3,0,3,Medium
Lungi Ngidi,201,198,333.3,2011.7,359,5.6,6.04,5.57,7,8,Fast
Lasith Malinga,112,108,61.8,368.9,134,2.75,5.97,2.77,3,1,Fast
Sean Abbott,142,140,523.6,3196.5,112,28.54,6.1,28.05,0,1,Medium
Deepak Chahar,140,135,215.7,931.2,186,5.01,4.32,6.96,4,0,Spin
Mashrafe Mortaza,184,179,43.2,232.1,174,1.33,5.37,1.49,3,1,Medium
Oshane Thomas,15,12,185.2,836.2,7,119.46,4.52,158.74,0,0,Fast
Muttiah Muralitharan,36,35,493.5,2065.6,45,45.9,4.19,65.8,0,1,Medium
T Natarajan,194,193,562.1,1745.8,326,5.36,3.11,10.35,7,5,Spin
Ajit Agarkar,220,218,339.3,1715.4,203,8.45,5.06,10.03,0,2,Spin
Morne Morkel,163,163,24.4,125.7,148,0.85,5.15,0.99,7,2,Medium
Roston Chase,160,155,55.2,143.2,109,1.31,2.59,3.04,1,0,Medium
Mohammad Nawaz,127,127,38.4,147.8,121,1.22,3.85,1.9,6,0,Fast
Lockie Ferguson,236,232,345.2,1458.9,386,3.78,4.23,5.37,19,2,Spin
Mohammed Siraj,64,62,355.9,1436.1,32,44.88,4.04,66.73,0,1,Spin
Ajit Agarkar,25,21,584.5,2138.4,22,97.2,3.66,159.41,0,0,Spin
Mohammad Hafeez,96,91,297.1,1189.1,178,6.68,4.0,10.01,2,3,Medium
Trent Boult,13,13,379.6,960.5,14,68.61,2.53,162.69,0,0,Medium
Hasan Ali,190,187,596.2,3530.7,343,10.29,5.92,10.43,11,6,Spin
Oshane Thomas,34,32,311.7,1653.3,30,55.11,5.3,62.34,1,0,Medium
Umar Gul,41,38,441.3,2866.5,43,66.66,6.5,61.58,0,1,Spin
Mohammad Amir,153,152,433.7,2017.1,304,6.64,4.65,8.56,1,3,Fast
Ravichandran Ashwin,50,45,246.1,1466.3,63,23.27,5.96,23.44,1,1,Medium
Wayne Parnell,239,239,214.3,1182.3,221,5.35,5.52,5.82,9,7,Fast
Varun Chakravarthy,57,55,183.0,851.3,58,14.68,4.65,18.93,2,0,Medium
Dwaine Pretorius,244,244,473.3,1778.1,422,4.21,3.76,6.73,10,1,Medium
Varun Chakravarthy,67,62,78.4,364.0,95,3.83,4.64,4.95,1,0,Spin
Saqlain Mushtaq,225,222,463.4,1516.2,202,7.51,3.27,13.76,2,5,Medium
Lungi Ngidi,197,192,139.5,669.6,312,2.15,4.8,2.68,5,4,Spin
Ajit Agarkar,72,71,245.5,859.0,138,6.22,3.5,10.67,5,4,Fast
Shahid Afridi,45,44,135.3,515.5,31,16.63,3.81,26.19,1,0,Medium
George Linde,210,207,558.1,2672.6,120,22.27,4.79,27.91,2,2,Fast
T Natarajan,214,212,407.1,1924.0,112,17.18,4.73,21.81,4,1,Spin
Adil Rashid,201,199,379.0,950.1,167,5.69,2.51,13.62,3,5,Fast
Josh Hazlewood,92,87,351.5,1566.1,91,17.21,4.46,23.18,4,0,Fast
Lockie Ferguson,217,213,480.5,2691.5,408,6.6,5.6,7.07,6,3,Medium
Romario Shepherd,148,147,423.0,2050.4,105,19.53,4.85,24.17,2,3,Spin
Romario Shepherd,213,210,570.0,2936.0,379,7.75,5.15,9.02,6,7,Fast
Faheem Ashraf,193,188,481.8,1662.6,339,4.9,3.45,8.53,14,9,Fast
Kagiso Rabada,11,11,341.3,2033.8,6,338.97,5.96,341.3,0,0,Spin
James Anderson,249,246,333.4,1332.1,399,3.34,4.0,5.01,18,0,Spin
Roston Chase,93,89,335.3,922.9,64,14.42,2.75,31.43,2,2,Medium
Sam Curran,110,105,525.2,3143.2,84,37.42,5.98,37.51,4,0,Fast
Arshdeep Singh,17,13,409.2,1561.0,23,67.87,3.81,106.75,0,0,Fast
Abdul Razzaq,128,123,138.6,832.6,240,3.47,6.01,3.46,2,6,Medium
Romario Shepherd,132,128,46.8,273.3,215,1.27,5.84,1.31,9,3,Medium
Pat Cummins,143,139,142.5,382.4,119,3.21,2.68,7.18,4,1,Medium
Umar Gul,276,275,26.7,74.6,377,0.2,2.79,0.42,3,0,Medium
Stuart Broad,20,17,507.5,2810.0,26,108.08,5.54,117.12,1,0,Fast
Morne Morkel,35,32,232.6,797.7,19,41.98,3.43,73.45,0,0,Fast
Mohammed Siraj,124,121,445.4,1385.4,160,8.66,3.11,16.7,5,1,Medium
Stuart Broad,259,258,123.6,702.3,421,1.67,5.68,1.76,12,14,Medium
Ashton Agar,143,141,280.9,1020.0,82,12.44,3.63,20.55,0,2,Medium
Moeen Ali,136,133,213.9,1062.7,75,14.17,4.97,17.11,0,2,Spin
Yuzvendra Chahal,35,35,479.2,2223.5,53,41.95,4.64,54.25,0,0,Medium
Nathan Lyon,107,104,447.8,2687.5,174,15.45,6.0,15.44,3,2,Medium
Sam Curran,46,46,205.1,1285.4,27,47.61,6.27,45.58,0,0,Fast
Chris Woakes,22,21,242.0,1237.4,18,68.74,5.11,80.67,0,0,Fast
Sean Abbott,111,106,371.1,1203.7,161,7.48,3.24,13.83,4,3,Medium
Kagiso Rabada,167,166,558.5,2406.8,262,9.19,4.31,12.79,1,6,Spin
Sean Abbott,136,132,76.3,353.6,124,2.85,4.63,3.69,5,3,Medium
Mohammad Amir,57,54,89.9,301.3,34,8.86,3.35,15.86,1,1,Medium
Kesrick Williams,239,235,28.3,83.7,456,0.18,2.96,0.37,18,13,Medium
Imran Tahir,33,28,520.7,1925.4,56,34.38,3.7,55.79,0,0,Fast
Saqlain Mushtaq,82,82,131.6,661.6,54,12.25,5.03,14.62,0,0,Fast
Brett Lee,255,255,196.2,556.3,242,2.3,2.84,4.86,4,7,Spin
Muttiah Muralitharan,164,159,233.7,589.9,287,2.06,2.52,4.89,12,5,Fast
Varun Chakravarthy,91,91,578.4,1738.6,128,13.58,3.01,27.11,6,2,Fast
Moeen Ali,194,191,142.1,376.5,337,1.12,2.65,2.53,13,6,Spin
Rashid Khan,260,259,93.9,546.6,435,1.26,5.82,1.3,1,10,Medium
Kagiso Rabada,248,244,426.4,1683.6,248,6.79,3.95,10.32,9,2,Fast
Mehidy Hasan,141,141,231.4,673.7,271,2.49,2.91,5.12,0,7,Medium
Taskin Ahmed,160,155,274.0,745.2,298,2.5,2.72,5.52,4,7,Spin
Nathan Ellis,142,142,274.5,1638.1,124,13.21,5.97,13.28,3,4,Fast
Adam Zampa,207,207,499.2,3204.3,124,25.84,6.42,24.15,3,4,Medium
Michael Neser,104,102,252.4,1626.9,149,10.92,6.45,10.16,3,2,Spin
Mustafizur Rahman,58,56,334.3,1489.4,42,35.46,4.46,47.76,0,1,Fast
Shahid Afridi,274,273,511.8,3076.3,471,6.53,6.01,6.52,19,14,Spin
Saqlain Mushtaq,225,224,310.7,1891.2,338,5.6,6.09,5.52,14,0,Medium
Zaheer Khan,272,270,38.3,183.5,251,0.73,4.79,0.92,3,8,Fast
Keshav Maharaj,86,83,249.2,1618.3,113,14.32,6.49,13.23,5,0,Fast
Mohammad Wasim Jr,265,260,541.7,2118.2,208,10.18,3.91,15.63,4,1,Medium
Waqar Younis,142,138,112.0,680.4,227,3.0,6.08,2.96,8,5,Spin
Ravindra Jadeja,153,149,92.6,410.7,122,3.37,4.44,4.55,1,0,Medium
Arshdeep Singh,298,297,550.3,1513.7,185,8.18,2.75,17.85,9,4,Medium
Keemo Paul,232,229,515.4,1467.7,340,4.32,2.85,9.1,0,11,Spin
Josh Hazlewood,270,267,285.3,1088.3,425,2.56,3.81,4.03,8,1,Medium
Mohammad Wasim Jr,289,287,563.2,3550.8,326,10.89,6.3,10.37,6,2,Fast
Ravindra Jadeja,63,59,194.5,1040.4,95,10.95,5.35,12.28,2,1,Spin
Ish Sodhi,253,253,469.1,2855.9,425,6.72,6.09,6.62,7,0,Fast
Arshdeep Singh,280,275,227.2,1148.3,308,3.73,5.05,4.43,8,9,Medium
Dale Steyn,44,40,115.3,389.4,45,8.65,3.38,15.37,2,1,Medium
Zaheer Khan,20,15,369.4,1467.3,25,58.69,3.97,88.66,0,0,Medium
Pat Cummins,296,292,58.8,204.8,193,1.06,3.48,1.83,2,3,Medium
Kagiso Rabada,106,101,528.7,1447.8,104,13.92,2.74,30.5,3,0,Medium
Adil Rashid,230,230,109.7,542.0,201,2.7,4.94,3.27,1,6,Fast
Glenn McGrath,162,160,247.8,691.2,132,5.24,2.79,11.26,1,3,Fast
Michael Neser,34,29,382.4,1874.4,28,66.94,4.9,81.94,1,0,Spin
Keshav Maharaj,290,290,253.6,1227.1,544,2.26,4.84,2.8,18,14,Spin
Hasan Ali,44,42,392.0,2505.0,77,32.53,6.39,30.55,3,1,Fast
Alzarri Joseph,173,173,139.6,842.7,203,4.15,6.04,4.13,1,4,Medium
Roston Chase,140,137,151.8,896.4,173,5.18,5.91,5.26,7,0,Spin
Kyle Jamieson,138,137,504.6,3257.4,192,16.97,6.46,15.77,8,5,Medium
Aamer Jamal,292,290,269.6,1509.8,209,7.22,5.6,7.74,0,5,Spin
Aamer Jamal,296,293,482.7,1266.3,540,2.34,2.62,5.36,20,12,Spin
Mohammad Amir,138,136,124.1,693.2,155,4.47,5.59,4.8,2,1,Spin
Glenn McGrath,278,275,113.2,623.4,328,1.9,5.51,2.07,7,4,Fast
Mohammad Hafeez,171,170,121.5,453.3,109,4.16,3.73,6.69,0,3,Medium
Ravi Bishnoi,285,281,37.3,115.1,173,0.67,3.09,1.29,8,3,Fast
Mohammad Amir,181,180,518.1,2472.1,329,7.51,4.77,9.45,15,5,Spin
Michael Neser,55,55,498.6,1491.2,98,15.22,2.99,30.53,4,2,Medium
George Linde,293,288,56.3,221.5,211,1.05,3.93,1.6,4,7,Medium
Abdul Razzaq,245,244,127.6,376.9,273,1.38,2.95,2.8,12,1,Fast
Mashrafe Mortaza,167,165,174.6,462.6,279,1.66,2.65,3.75,10,0,Spin
Dale Steyn,14,10,552.9,1793.4,18,99.63,3.24,184.3,0,0,Medium
Dwayne Bravo,254,252,422.5,1109.0,220,5.04,2.62,11.52,5,6,Medium
Lockie Ferguson,153,150,236.5,931.8,270,3.45,3.94,5.26,10,5,Medium
Hayden Walsh Jr.,119,116,67.5,223.5,126,1.77,3.31,3.21,5,2,Fast
Mitchell Santner,184,182,424.9,2130.5,261,8.16,5.01,9.77,6,8,Fast
Sheldon Cottrell,248,248,92.5,319.8,270,1.18,3.46,2.06,8,3,Spin
Ajit Agarkar,104,100,379.0,1959.2,152,12.89,5.17,14.96,6,2,Fast
Axar Patel,118,113,257.6,829.1,84,9.87,3.22,18.4,3,1,Medium
Stuart Broad,217,215,401.7,1477.3,241,6.13,3.68,10.0,7,4,Medium
Mohammad Nawaz,284,280,550.1,3040.2,406,7.49,5.53,8.13,19,13,Medium
Oshane Thomas,225,224,405.3,1646.1,342,4.81,4.06,7.11,12,6,Fast
Mohammed Siraj,133,131,539.9,1666.6,251,6.64,3.09,12.91,12,2,Fast
Muttiah Muralitharan,233,228,353.1,1707.1,275,6.21,4.83,7.7,10,2,Spin
Mitchell Starc,275,275,116.2,748.9,372,2.01,6.44,1.87,2,10,Spin
Ashton Agar,211,210,165.9,1055.4,367,2.88,6.36,2.71,11,12,Spin
Rahkeem Cornwall,131,129,104.5,323.7,163,1.99,3.1,3.85,1,3,Fast
Obed McCoy,237,234,434.6,1149.0,408,2.82,2.64,6.39,3,9,Fast
Angelo Mathews,235,235,200.1,521.0,148,3.52,2.6,8.11,5,4,Fast
Hayden Walsh Jr.,111,110,500.8,2402.5,164,14.65,4.8,18.32,6,4,Spin
Rashid Khan,123,120,591.4,3244.1,90,36.05,5.49,39.43,1,2,Medium
Kagiso Rabada,152,150,568.4,2223.7,198,11.23,3.91,17.22,0,3,Spin
Thisara Perera,239,238,358.6,1280.4,231,5.54,3.57,9.31,10,5,Spin
Shahid Afridi,292,292,167.4,714.9,202,3.54,4.27,4.97,8,5,Spin
Obed McCoy,246,246,586.1,2352.6,279,8.43,4.01,12.6,12,6,Spin
Ravindra Jadeja,49,48,183.5,1032.5,63,16.39,5.63,17.48,3,2,Fast
Oshane Thomas,132,128,503.1,1543.3,153,10.09,3.07,19.73,6,5,Medium
Mohammad Nawaz,165,162,538.8,1467.4,314,4.67,2.72,10.3,12,7,Spin
Yasir Shah,42,40,241.9,1118.2,53,21.1,4.62,27.38,0,0,Spin
Faheem Ashraf,281,280,526.7,2854.2,422,6.76,5.42,7.49,6,1,Spin
Bhuvneshwar Kumar,89,89,377.6,1154.2,157,7.35,3.06,14.43,0,1,Fast
Brett Lee,276,271,71.4,343.4,459,0.75,4.81,0.93,7,4,Spin
Shane Warne,156,154,198.1,713.9,283,2.52,3.6,4.2,6,5,Fast
Bhuvneshwar Kumar,256,256,331.3,1363.5,157,8.68,4.12,12.66,1,1,Medium
Dale Steyn,265,261,506.3,2736.3,474,5.77,5.4,6.41,5,15,Medium
Jaydev Unadkat,22,19,416.4,2318.8,14,165.63,5.57,178.46,0,0,Medium
Mustafizur Rahman,104,104,478.4,3014.5,166,18.16,6.3,17.29,3,1,Fast
Kagiso Rabada,121,119,262.3,1000.9,90,11.12,3.82,17.49,4,3,Spin
Angelo Mathews,29,24,155.8,444.2,24,18.51,2.85,38.95,0,0,Spin
Umar Gul,50,48,452.2,1887.4,85,22.2,4.17,31.92,4,2,Spin
Waqar Younis,246,242,388.0,1266.3,174,7.28,3.26,13.38,4,1,Fast
Mustafizur Rahman,103,103,495.0,2911.8,88,33.09,5.88,33.75,1,1,Spin
Ravindra Jadeja,263,261,28.5,93.8,360,0.26,3.29,0.47,11,7,Fast
Shakib Al Hasan,103,101,427.9,2286.2,105,21.77,5.34,24.45,1,2,Spin
Matt Henry,255,250,258.9,1565.9,152,10.3,6.05,10.22,1,4,Fast
Mustafizur Rahman,177,176,350.6,1676.9,165,10.16,4.78,12.75,4,4,Fast
Mohammed Shami,158,158,139.2,887.8,193,4.6,6.38,4.33,8,2,Medium
Brett Lee,107,102,384.6,1206.9,112,10.78,3.14,20.6,0,1,Fast
Rashid Khan,159,157,197.6,614.7,226,2.72,3.11,5.25,10,7,Fast
Sheldon Cottrell,58,57,30.2,76.5,32,2.39,2.53,5.66,1,0,Medium
Ravichandran Ashwin,230,228,327.3,1550.3,312,4.97,4.74,6.29,11,5,Medium
Chaminda Vaas,229,225,263.6,792.7,131,6.05,3.01,12.07,6,2,Medium
Hayden Walsh Jr.,284,281,81.8,280.9,409,0.69,3.43,1.2,10,11,Medium
Morne Morkel,289,287,298.5,802.1,299,2.68,2.69,5.99,7,4,Spin
Moeen Ali,227,222,487.3,2469.2,393,6.28,5.07,7.44,0,12,Fast
Sam Curran,201,196,268.3,971.8,357,2.72,3.62,4.51,17,10,Medium
Tabraiz Shamsi,233,230,175.9,678.7,173,3.92,3.86,6.1,4,5,Fast
Shaheen Afridi,243,238,389.8,984.1,458,2.15,2.52,5.11,17,8,Medium
Taskin Ahmed,82,80,398.1,1816.2,118,15.39,4.56,20.24,1,3,Fast
Mohammed Siraj,262,262,414.6,2036.9,310,6.57,4.91,8.02,9,0,Medium
Alzarri Joseph,63,59,366.8,2081.9,77,27.04,5.68,28.58,3,0,Spin
Morne Morkel,223,220,485.6,2581.7,155,16.66,5.32,18.8,0,0,Fast
Dale Steyn,252,250,23.5,118.4,460,0.26,5.04,0.31,12,13,Fast
Ben Stokes,281,281,248.7,1003.5,273,3.68,4.03,5.47,2,8,Medium
Lasith Malinga,215,213,505.0,2526.9,399,6.33,5.0,7.59,6,0,Medium
Shoaib Akhtar,125,123,531.8,1475.2,219,6.74,2.77,14.57,8,0,Spin
Mitchell Santner,37,35,563.4,1724.3,42,41.05,3.06,80.49,1,0,Spin
T Natarajan,285,281,467.8,1328.2,149,8.91,2.84,18.84,7,4,Spin
Moeen Ali,66,66,464.6,2013.9,111,18.14,4.33,25.11,1,0,Medium
Imran Tahir,11,11,549.8,2770.4,8,346.3,5.04,412.35,0,0,Spin
Waqar Younis,267,266,166.9,453.6,284,1.6,2.72,3.53,7,0,Spin
Jasprit Bumrah,250,245,35.0,136.4,293,0.47,3.9,0.72,5,6,Spin
Trent Boult,153,151,547.0,2041.8,202,10.11,3.73,16.25,3,2,Medium
Jaydev Unadkat,169,166,141.8,742.3,242,3.07,5.23,3.52,11,4,Spin
Arshdeep Singh,31,28,544.9,2169.5,27,80.35,3.98,121.09,1,0,Spin
Mehidy Hasan,86,81,137.8,356.3,113,3.15,2.59,7.32,0,2,Spin
Lasith Malinga,75,73,122.7,776.3,79,9.83,6.33,9.32,1,2,Spin
Mashrafe Mortaza,197,192,476.7,2974.5,288,10.33,6.24,9.93,9,9,Spin
Jerome Taylor,171,168,272.1,1286.7,257,5.01,4.73,6.35,9,6,Spin
T Natarajan,126,124,310.4,1781.1,67,26.58,5.74,27.8,3,2,Fast
Shahid Afridi,207,207,464.0,1538.3,184,8.36,3.32,15.13,7,4,Fast
Adam Zampa,15,13,44.6,179.3,20,8.96,4.02,13.38,0,0,Medium
Jaydev Unadkat,184,180,295.2,790.8,216,3.66,2.68,8.2,2,0,Fast
Wasim Akram,233,231,194.2,884.0,395,2.24,4.55,2.95,1,10,Fast
Ish Sodhi,184,179,136.4,715.5,278,2.57,5.25,2.94,12,7,Medium
Ajantha Mendis,99,99,522.5,1534.7,175,8.77,2.94,17.91,6,1,Fast
T Natarajan,74,73,379.0,1089.0,38,28.66,2.87,59.84,1,1,Medium
Abdul Razzaq,66,66,243.0,1567.3,81,19.35,6.45,18.0,3,1,Spin
Imran Tahir,140,136,374.4,959.8,136,7.06,2.56,16.52,4,1,Spin
Kagiso Rabada,19,16,461.8,2451.1,14,175.08,5.31,197.91,0,0,Medium
Rahkeem Cornwall,91,90,54.6,213.9,104,2.06,3.92,3.15,0,1,Fast
Abdul Razzaq,287,282,197.8,897.0,361,2.48,4.53,3.29,5,0,Fast
Arshdeep Singh,120,119,79.1,332.5,230,1.45,4.2,2.06,11,7,Medium
Mohammad Wasim Jr,87,83,290.8,806.0,43,18.74,2.77,40.58,2,0,Fast
George Linde,241,239,370.0,1198.8,264,4.54,3.24,8.41,8,5,Medium
Stuart Broad,31,27,400.9,1899.9,48,39.58,4.74,50.11,0,0,Medium
Ravindra Jadeja,253,249,131.8,830.3,179,4.64,6.3,4.42,6,2,Spin
James Anderson,19,15,549.3,3284.4,9,364.93,5.98,366.2,0,0,Medium
Varun Chakravarthy,43,42,373.8,1943.7,67,29.01,5.2,33.47,1,1,Medium
Yuzvendra Chahal,213,211,596.2,3423.1,249,13.75,5.74,14.37,8,3,Fast
Harbhajan Singh,252,248,109.0,299.1,370,0.81,2.74,1.77,6,4,Medium
Adam Zampa,107,104,536.5,2126.0,183,11.62,3.96,17.59,4,1,Fast
Josh Hazlewood,223,219,454.1,2592.3,346,7.49,5.71,7.87,7,3,Fast
Nathan Lyon,23,21,66.9,433.7,20,21.68,6.48,20.07,0,0,Fast
Lungi Ngidi,170,165,292.8,967.3,256,3.78,3.3,6.86,8,6,Spin
Rahkeem Cornwall,24,20,572.6,2925.7,37,79.07,5.11,92.85,0,1,Medium
Dale Steyn,127,122,195.2,595.6,134,4.44,3.05,8.74,4,1,Fast
Axar Patel,71,71,568.6,3033.7,142,21.36,5.34,24.03,7,2,Fast
Arshdeep Singh,225,224,263.8,1706.2,306,5.58,6.47,5.17,12,2,Fast
Zaheer Khan,152,150,465.8,1589.2,193,8.23,3.41,14.48,9,2,Fast
Lockie Ferguson,241,240,453.2,2347.6,397,5.91,5.18,6.85,1,4,Medium
Mohammed Shami,46,43,171.9,494.0,62,7.97,2.87,16.64,1,2,Fast
George Linde,78,73,93.6,408.3,129,3.17,4.36,4.35,4,3,Medium
Glenn McGrath,12,9,430.0,2142.0,10,214.2,4.98,258.0,0,0,Spin
Michael Neser,297,292,586.6,3044.1,197,15.45,5.19,17.87,4,4,Medium
Mohammed Shami,235,235,338.3,1509.8,252,5.99,4.46,8.05,1,5,Fast
Shoaib Akhtar,74,70,404.8,2082.7,126,16.53,5.15,19.28,5,3,Medium
Ben Stokes,177,176,558.2,3322.3,327,10.16,5.95,10.24,12,6,Medium
Alzarri Joseph,53,50,222.5,740.3,61,12.14,3.33,21.89,1,0,Medium
Lockie Ferguson,40,37,366.3,1533.8,64,23.97,4.19,34.34,3,1,Fast
Dale Steyn,188,185,323.0,1921.5,242,7.94,5.95,8.01,1,4,Spin
Shakib Al Hasan,34,33,452.8,1915.8,41,46.73,4.23,66.26,2,0,Medium
Kagiso Rabada,17,14,506.7,2451.4,11,222.85,4.84,276.38,0,0,Fast
Lasith Malinga,71,66,476.7,1665.2,99,16.82,3.49,28.89,2,0,Fast
Mark Wood,300,300,472.0,2808.5,185,15.18,5.95,15.31,1,5,Medium
Andile Phehlukwayo,153,151,68.5,246.3,83,2.97,3.6,4.95,2,0,Fast
Aamer Jamal,41,40,51.2,192.9,56,3.44,3.77,5.49,1,0,Medium
Tim Southee,53,48,147.2,505.8,39,12.97,3.44,22.65,1,0,Medium
Moeen Ali,217,214,224.3,1353.9,164,8.26,6.04,8.21,2,2,Fast
Lungi Ngidi,65,64,492.5,2330.8,106,21.99,4.73,27.88,0,2,Spin
Mohammad Amir,226,223,164.3,533.1,380,1.4,3.24,2.59,0,1,Medium
Keemo Paul,97,93,192.0,995.1,75,13.27,5.18,15.36,0,0,Spin
Rashid Khan,177,174,34.8,209.2,117,1.79,6.01,1.78,5,0,Fast
Kesrick Williams,81,76,227.3,669.2,131,5.11,2.94,10.41,4,0,Medium
Umar Gul,174,171,54.1,316.6,87,3.64,5.85,3.73,1,1,Spin
Lungi Ngidi,156,151,158.8,737.2,290,2.54,4.64,3.29,9,5,Spin
Varun Chakravarthy,32,28,114.6,434.8,20,21.74,3.79,34.38,1,0,Spin
Zaheer Khan,138,138,232.7,1449.1,119,12.18,6.23,11.73,3,1,Fast
Umar Gul,271,270,251.9,1059.8,361,2.94,4.21,4.19,6,10,Spin
Keshav Maharaj,234,232,187.9,719.1,161,4.47,3.83,7.0,1,3,Fast
Mohammad Wasim Jr,35,34,327.7,1745.9,22,79.36,5.33,89.37,1,0,Fast
Sean Abbott,175,175,60.7,301.8,183,1.65,4.97,1.99,3,2,Fast
Anil Kumble,124,119,83.2,385.6,147,2.62,4.63,3.4,4,3,Fast
Mark Wood,215,212,156.4,520.4,340,1.53,3.33,2.76,5,3,Fast
Jasprit Bumrah,43,43,165.4,785.3,45,17.45,4.75,22.05,0,1,Spin
Lungi Ngidi,167,163,129.2,345.8,313,1.1,2.68,2.48,7,9,Medium
Abdul Razzaq,97,96,411.4,1040.0,103,10.1,2.53,23.97,2,3,Medium
Mitchell Santner,216,215,77.3,351.0,373,0.94,4.54,1.24,0,12,Spin
Mashrafe Mortaza,235,233,34.5,141.9,261,0.54,4.11,0.79,0,4,Medium
Keemo Paul,292,290,104.7,323.5,303,1.07,3.09,2.07,3,7,Fast
Jaydev Unadkat,136,132,389.8,1322.6,102,12.97,3.39,22.93,5,3,Spin
Sam Curran,264,259,369.0,2361.4,272,8.68,6.4,8.14,13,0,Medium
Angelo Mathews,157,155,272.4,1007.4,144,7.0,3.7,11.35,6,3,Fast
Yasir Shah,238,235,275.8,707.4,200,3.54,2.56,8.27,5,2,Fast
Stuart Broad,20,18,68.2,287.1,9,31.9,4.21,45.47,0,0,Fast
Tim Southee,299,295,489.8,2014.5,196,10.28,4.11,14.99,7,3,Fast
Waqar Younis,10,8,515.0,3252.3,11,295.66,6.32,280.91,0,0,Fast
Mashrafe Mortaza,125,125,67.3,371.1,93,3.99,5.51,4.34,3,0,Medium
Mehidy Hasan,32,27,480.6,1714.1,35,48.97,3.57,82.39,0,1,Fast
Lungi Ngidi,244,243,21.7,72.1,235,0.31,3.32,0.55,4,2,Spin
Mitchell Santner,270,267,125.1,757.4,425,1.78,6.05,1.77,16,11,Fast
Lockie Ferguson,147,146,162.4,652.8,179,3.65,4.02,5.44,4,3,Fast
Ashton Agar,179,176,34.2,99.5,264,0.38,2.91,0.78,10,2,Fast
Varun Chakravarthy,17,15,447.4,2404.6,22,109.3,5.37,122.02,0,0,Medium
Thisara Perera,183,182,278.2,1699.6,313,5.43,6.11,5.33,7,9,Medium
Angelo Mathews,225,220,333.1,1818.6,258,7.05,5.46,7.75,3,3,Medium
Obed McCoy,236,231,262.7,834.1,299,2.79,3.18,5.27,14,9,Spin
Romario Shepherd,193,193,169.9,933.2,105,8.89,5.49,9.71,1,2,Medium
Washington Sundar,234,229,58.1,219.7,117,1.88,3.78,2.98,4,0,Spin
Sandeep Lamichhane,219,216,469.2,1392.9,367,3.8,2.97,7.67,3,2,Medium
Zaheer Khan,57,56,35.8,95.3,66,1.44,2.66,3.25,0,1,Medium
Morne Morkel,114,112,429.1,1630.0,181,9.01,3.8,14.22,5,2,Spin
Shahid Afridi,128,126,134.5,738.8,182,4.06,5.49,4.43,8,4,Fast
Wasim Akram,128,128,577.6,2309.0,138,16.73,4.0,25.11,1,4,Medium
Lockie Ferguson,97,92,560.3,2997.6,181,16.56,5.35,18.57,7,4,Fast
Wasim Akram,83,80,541.1,2198.0,52,42.27,4.06,62.43,0,0,Medium
Taskin Ahmed,29,24,589.9,1691.7,37,45.72,2.87,95.66,1,0,Medium
Keemo Paul,168,165,313.2,1169.0,138,8.47,3.73,13.62,3,3,Fast
Adil Rashid,24,19,281.8,1106.1,36,30.72,3.93,46.97,1,0,Fast
Roston Chase,251,250,492.2,2388.7,339,7.05,4.85,8.71,8,11,Medium
Yuzvendra Chahal,296,293,460.9,2443.9,231,10.58,5.3,11.97,3,0,Fast
Adil Rashid,270,266,471.6,2456.8,502,4.89,5.21,5.64,20,9,Medium
Axar Patel,109,108,200.5,558.6,152,3.68,2.79,7.91,7,2,Fast
Ajit Agarkar,138,134,500.3,2613.7,137,19.08,5.22,21.91,5,2,Spin
Dwaine Pretorius,256,256,528.4,2148.6,264,8.14,4.07,12.01,6,1,Fast
Mohammad Nawaz,218,213,200.7,842.6,213,3.96,4.2,5.65,4,1,Medium
Zaheer Khan,295,290,471.1,1606.1,576,2.79,3.41,4.91,24,11,Spin
Dale Steyn,127,124,322.1,1521.7,224,6.79,4.72,8.63,8,4,Spin
Dwayne Bravo,127,123,456.2,1739.4,225,7.73,3.81,12.17,2,2,Medium
Ajit Agarkar,34,34,588.8,2838.4,41,69.23,4.82,86.17,1,0,Medium
Romario Shepherd,286,285,437.2,2686.5,315,8.53,6.14,8.33,13,0,Medium
Muttiah Muralitharan,87,85,468.8,2443.3,60,40.72,5.21,46.88,1,0,Fast
Brett Lee,28,28,41.5,109.8,32,3.43,2.65,7.78,0,1,Spin
Michael Neser,275,270,480.3,1660.5,531,3.13,3.46,5.43,11,1,Spin
Mitchell Starc,82,77,226.0,619.7,85,7.29,2.74,15.95,4,1,Fast
Mohammad Amir,127,127,315.6,1830.3,225,8.13,5.8,8.42,3,0,Spin
Chris Woakes,106,102,284.4,1604.3,68,23.59,5.64,25.09,1,0,Fast
Lasith Malinga,155,154,137.2,648.2,147,4.41,4.72,5.6,4,3,Spin
Ravindra Jadeja,103,98,321.2,888.7,77,11.54,2.77,25.03,0,0,Medium
Mustafizur Rahman,233,233,398.1,1356.7,169,8.03,3.41,14.13,1,4,Medium
Waqar Younis,151,151,586.1,2326.2,182,12.78,3.97,19.32,1,4,Medium
Muttiah Muralitharan,144,141,49.5,142.8,181,0.79,2.88,1.64,4,5,Medium
Tim Southee,234,231,495.9,1683.9,209,8.06,3.4,14.24,3,1,Medium
Mohammad Wasim Jr,64,64,504.7,2759.5,70,39.42,5.47,43.26,3,2,Medium
Mitchell Santner,248,248,451.1,2790.3,422,6.61,6.19,6.41,12,3,Spin
Harbhajan Singh,214,213,290.7,1828.3,274,6.67,6.29,6.37,11,7,Spin
Rahkeem Cornwall,171,168,46.9,267.8,287,0.93,5.71,0.98,7,9,Medium
Roston Chase,248,245,117.4,612.9,421,1.46,5.22,1.67,1,11,Fast
Harbhajan Singh,42,37,371.8,1796.1,56,32.07,4.83,39.84,2,1,Spin
Kyle Jamieson,169,168,339.5,1926.7,210,9.17,5.68,9.7,7,2,Medium
Adil Rashid,14,11,356.5,2044.3,10,204.43,5.73,213.9,0,0,Fast
Tabraiz Shamsi,138,136,238.5,1319.0,202,6.53,5.53,7.08,8,0,Fast
Tim Southee,176,171,183.5,762.0,111,6.86,4.15,9.92,3,3,Spin
Kuldeep Yadav,66,66,438.6,2289.5,54,42.4,5.22,48.73,2,0,Medium
Taskin Ahmed,120,117,472.9,2851.8,207,13.78,6.03,13.71,9,6,Medium
Josh Hazlewood,156,151,517.3,2588.1,118,21.93,5.0,26.3,4,0,Fast
Mehidy Hasan,131,126,434.4,2571.1,182,14.13,5.92,14.32,2,0,Medium
Keshav Maharaj,186,182,169.4,424.6,314,1.35,2.51,3.24,8,8,Fast
Yasir Shah,85,80,132.6,680.0,130,5.23,5.13,6.12,0,0,Spin
Washington Sundar,188,183,300.2,1031.2,248,4.16,3.44,7.26,7,8,Spin
Yasir Shah,257,257,293.0,1879.5,227,8.28,6.41,7.74,6,1,Spin
Dwaine Pretorius,116,116,340.8,1107.3,79,14.02,3.25,25.88,1,1,Spin
Nathan Ellis,27,22,505.6,1465.2,36,40.7,2.9,84.27,1,0,Fast
Nathan Lyon,106,103,401.3,2168.5,163,13.3,5.4,14.77,8,5,Medium
Romario Shepherd,158,153,420.7,2156.5,180,11.98,5.13,14.02,2,1,Fast
Aamer Jamal,266,266,465.7,2138.7,469,4.56,4.59,5.96,10,4,Fast
Angelo Mathews,49,48,158.7,907.7,42,21.61,5.72,22.67,0,1,Spin
Matt Henry,214,214,591.3,1656.2,241,6.87,2.8,14.72,7,0,Fast
Varun Chakravarthy,262,260,363.3,1989.5,510,3.9,5.48,4.27,23,6,Fast
Zaheer Khan,174,169,39.6,236.8,212,1.12,5.98,1.12,9,2,Spin
Abdul Razzaq,39,36,408.2,2646.5,69,38.36,6.48,35.5,2,0,Fast
Matt Henry,279,274,373.9,2265.0,274,8.27,6.06,8.19,4,1,Medium
Jason Holder,23,22,361.3,1448.7,30,48.29,4.01,72.26,1,1,Medium
Arshdeep Singh,244,242,424.7,1584.6,211,7.51,3.73,12.08,10,4,Medium
Kagiso Rabada,93,91,195.4,853.3,126,6.77,4.37,9.3,2,3,Fast
Zaheer Khan,198,196,321.0,1591.3,370,4.3,4.96,5.21,15,5,Medium
Tabraiz Shamsi,186,184,567.8,1631.3,220,7.42,2.87,15.49,3,5,Fast
Deepak Chahar,42,41,543.4,3480.4,64,54.38,6.4,50.94,1,1,Medium
Washington Sundar,106,106,71.9,188.6,121,1.56,2.62,3.57,3,0,Medium
Jason Holder,165,165,50.8,230.2,253,0.91,4.53,1.2,6,6,Medium
Ajantha Mendis,184,184,353.4,2038.1,107,19.05,5.77,19.82,5,2,Spin
Waqar Younis,285,284,238.3,799.5,270,2.96,3.36,5.3,11,4,Fast
Ashton Agar,86,83,379.4,1295.4,113,11.46,3.41,20.15,4,0,Medium
Tabraiz Shamsi,273,271,519.6,1845.6,485,3.81,3.55,6.43,3,0,Medium
Waqar Younis,123,122,265.1,749.1,153,4.9,2.83,10.4,3,4,Fast
Roston Chase,112,112,476.6,2181.2,144,15.15,4.58,19.86,4,2,Spin
Shane Warne,300,295,420.3,1328.6,543,2.45,3.16,4.64,8,13,Fast
Muttiah Muralitharan,233,232,272.9,795.7,175,4.55,2.92,9.36,1,3,Fast
Saqlain Mushtaq,251,251,410.3,1555.5,150,10.37,3.79,16.41,7,0,Spin
Sam Curran,226,224,554.5,1552.7,189,8.22,2.8,17.6,7,0,Spin
Stuart Broad,122,122,197.9,598.5,229,2.61,3.02,5.19,5,4,Medium
Mohammad Amir,272,271,74.7,339.4,242,1.4,4.54,1.85,10,5,Spin
Adil Rashid,127,125,514.2,2104.1,114,18.46,4.09,27.06,3,2,Fast
Sheldon Cottrell,147,147,476.9,1358.9,159,8.55,2.85,18.0,5,1,Medium
Harbhajan Singh,45,42,493.1,2637.5,61,43.24,5.35,48.5,1,0,Fast
Rahkeem Cornwall,47,46,406.3,1235.4,40,30.89,3.04,60.95,1,1,Spin
Yasir Shah,84,82,235.4,1324.9,115,11.52,5.63,12.28,3,1,Medium
Shakib Al Hasan,93,90,292.8,956.7,144,6.64,3.27,12.2,6,4,Spin
Nathan Lyon,202,201,139.5,759.2,395,1.92,5.44,2.12,0,12,Medium
Hasan Ali,210,205,327.1,2056.6,130,15.82,6.29,15.1,0,3,Spin
Ish Sodhi,136,133,247.9,1518.5,234,6.49,6.13,6.36,6,6,Fast
Tabraiz Shamsi,211,207,505.7,2417.7,327,7.39,4.78,9.28,4,3,Spin
Aamer Jamal,276,276,26.9,151.9,488,0.31,5.65,0.33,1,6,Spin
Andile Phehlukwayo,118,118,486.8,2748.6,84,32.72,5.65,34.77,4,0,Fast
Ajit Agarkar,147,147,134.1,693.0,219,3.16,5.17,3.67,4,5,Fast
Rahkeem Cornwall,208,205,80.0,353.0,180,1.96,4.41,2.67,1,1,Medium
Ish Sodhi,188,186,41.4,138.3,309,0.45,3.34,0.8,2,8,Fast
Moeen Ali,59,54,457.6,1810.9,30,60.36,3.96,91.52,1,0,Fast
Adam Zampa,130,127,100.1,437.3,77,5.68,4.37,7.8,0,0,Fast
Deepak Chahar,86,82,173.6,441.1,84,5.25,2.54,12.4,0,1,Spin
Anil Kumble,87,87,466.9,2386.3,47,50.77,5.11,59.6,1,1,Fast
Aamer Jamal,255,252,318.3,1960.8,226,8.68,6.16,8.45,7,4,Fast
Mustafizur Rahman,102,101,51.2,201.7,176,1.15,3.94,1.75,4,4,Fast
Ashton Agar,153,150,513.6,3324.5,146,22.77,6.47,21.11,4,1,Spin
Stuart Broad,295,290,526.5,2157.2,478,4.51,4.1,6.61,21,15,Fast
Tabraiz Shamsi,135,130,394.3,2307.6,198,11.65,5.85,11.95,6,2,Spin
George Linde,94,89,203.1,1248.2,79,15.8,6.15,15.43,1,0,Medium
Kesrick Williams,208,207,351.1,1022.9,348,2.94,2.91,6.05,12,9,Medium
Mark Wood,139,138,535.9,2115.9,257,8.23,3.95,12.51,11,5,Spin
Romario Shepherd,140,135,362.0,1998.6,82,24.37,5.52,26.49,2,0,Medium
Sunil Narine,182,182,329.6,1210.7,363,3.34,3.67,5.45,17,9,Spin
Keemo Paul,158,158,304.4,1542.0,207,7.45,5.07,8.82,3,4,Fast
Yasir Shah,28,26,599.8,2456.7,30,81.89,4.1,119.96,0,1,Fast
Keshav Maharaj,73,73,115.9,619.2,61,10.15,5.34,11.4,2,0,Spin
Sheldon Cottrell,13,8,536.1,3215.7,11,292.34,6.0,292.42,0,0,Fast
Lasith Malinga,83,79,62.5,250.8,118,2.13,4.01,3.18,3,2,Medium
Josh Hazlewood,239,238,103.5,570.9,168,3.4,5.52,3.7,6,4,Spin
Nathan Lyon,222,217,204.9,811.6,239,3.4,3.96,5.14,10,4,Medium
Michael Neser,200,196,519.3,1785.4,376,4.75,3.44,8.29,11,2,Medium
Ravi Bishnoi,196,195,83.1,496.4,269,1.85,5.97,1.85,5,2,Medium
Mohammad Amir,172,168,110.2,367.5,336,1.09,3.33,1.97,2,4,Medium
Moeen Ali,152,149,82.8,343.5,75,4.58,4.15,6.62,1,0,Medium
Yuzvendra Chahal,234,234,396.1,2563.9,343,7.47,6.47,6.93,3,2,Fast
Shakib Al Hasan,282,280,192.5,924.0,151,6.12,4.8,7.65,4,4,Medium
Mohammad Wasim Jr,47,44,25.7,81.0,56,1.45,3.15,2.75,2,0,Fast
Brett Lee,183,178,402.4,1467.5,199,7.37,3.65,12.13,1,2,Medium
Shane Warne,66,66,314.0,1656.3,50,33.13,5.27,37.68,0,1,Fast
Sam Curran,234,231,222.4,1090.9,371,2.94,4.91,3.6,16,3,Fast
Ajit Agarkar,209,204,181.2,1057.3,290,3.65,5.83,3.75,13,7,Medium
Ashton Agar,185,184,342.7,2120.8,179,11.85,6.19,11.49,3,3,Spin
Alzarri Joseph,69,64,157.8,700.6,52,13.47,4.44,18.21,0,0,Fast
Mohammad Nawaz,192,188,46.5,238.0,319,0.75,5.12,0.87,10,10,Spin
Rahkeem Cornwall,37,32,395.7,1704.5,27,63.13,4.31,87.93,1,0,Fast
Jason Holder,47,46,527.8,3187.1,45,70.82,6.04,70.37,2,0,Medium
Nathan Ellis,24,19,92.5,275.2,28,9.83,2.98,19.82,0,0,Medium
Ben Stokes,282,279,242.7,1576.9,315,5.01,6.5,4.62,13,7,Fast
Saqlain Mushtaq,270,269,569.3,3108.8,435,7.15,5.46,7.85,3,5,Medium
Ravindra Jadeja,278,273,232.0,1158.1,508,2.28,4.99,2.74,9,0,Spin
Deepak Chahar,17,13,313.6,860.0,26,33.08,2.74,72.37,1,0,Spin
Mashrafe Mortaza,280,280,125.4,633.4,234,2.71,5.05,3.22,0,7,Medium
Hasan Ali,296,296,187.4,565.9,298,1.9,3.02,3.77,14,7,Medium
Yuzvendra Chahal,274,270,324.4,1014.9,257,3.95,3.13,7.57,8,7,Spin
Tabraiz Shamsi,174,170,88.7,476.3,125,3.81,5.37,4.26,5,3,Fast
Aamer Jamal,210,205,42.9,212.2,343,0.62,4.95,0.75,12,11,Fast
Aamer Jamal,115,110,205.3,1323.6,190,6.97,6.45,6.48,6,0,Spin
Ajantha Mendis,269,265,416.6,2043.7,438,4.67,4.91,5.71,17,7,Medium
Lungi Ngidi,275,271,218.5,1294.2,431,3.0,5.92,3.04,16,0,Medium
Adam Zampa,284,279,148.9,586.5,261,2.25,3.94,3.42,2,0,Fast
Ajit Agarkar,281,278,167.4,596.1,473,1.26,3.56,2.12,1,8,Spin
Umar Gul,14,11,145.5,474.0,20,23.7,3.26,43.65,1,0,Spin
Mohammad Wasim Jr,10,9,553.8,2309.8,14,164.99,4.17,237.34,0,0,Spin
Dwaine Pretorius,37,37,537.9,2448.8,51,48.02,4.55,63.28,2,1,Medium
Ajit Agarkar,53,49,21.9,99.8,46,2.17,4.56,2.86,1,1,Spin
Mohammed Shami,268,264,162.4,953.3,525,1.82,5.87,1.86,21,6,Spin
Stuart Broad,269,268,160.9,736.3,507,1.45,4.58,1.9,18,9,Medium
Tabraiz Shamsi,130,126,452.6,1420.9,233,6.1,3.14,11.65,0,0,Fast
Nathan Lyon,111,109,424.5,2602.4,186,13.99,6.13,13.69,2,3,Fast
Anil Kumble,247,242,70.3,198.7,361,0.55,2.83,1.17,6,3,Fast
Sean Abbott,143,138,322.0,1297.5,272,4.77,4.03,7.1,3,3,Medium
Sam Curran,206,202,251.5,1277.9,117,10.92,5.08,12.9,4,0,Fast
Muttiah Muralitharan,292,292,424.0,1819.0,277,6.57,4.29,9.18,2,3,Medium
Abdul Razzaq,138,134,23.1,95.0,232,0.41,4.11,0.6,6,2,Spin
Wayne Parnell,125,124,301.2,979.2,71,13.79,3.25,25.45,1,1,Medium
Mitchell Starc,155,154,541.3,2095.5,99,21.17,3.87,32.81,3,2,Spin
Ish Sodhi,197,194,523.6,3315.7,192,17.27,6.33,16.36,5,2,Medium
Jasprit Bumrah,202,198,84.3,405.6,286,1.42,4.81,1.77,5,2,Medium
Jerome Taylor,140,136,328.2,2042.0,100,20.42,6.22,19.69,0,1,Spin
Mitchell Santner,289,286,217.0,1143.1,411,2.78,5.27,3.17,3,11,Fast
Keshav Maharaj,104,104,187.0,802.0,176,4.56,4.29,6.38,8,5,Fast
George Linde,30,25,427.6,2765.5,49,56.44,6.47,52.36,2,0,Spin
Adam Zampa,229,229,426.4,1125.5,125,9.0,2.64,20.47,3,1,Spin
Ish Sodhi,272,269,302.8,1296.6,302,4.29,4.28,6.02,8,0,Medium
Wayne Parnell,113,113,63.8,223.5,79,2.83,3.5,4.85,3,2,Spin
Trent Boult,23,21,411.4,1874.9,26,72.11,4.56,94.94,1,0,Spin
Wayne Parnell,167,162,255.1,1282.4,250,5.13,5.03,6.12,7,8,Spin
Andile Phehlukwayo,222,217,571.3,2219.6,357,6.22,3.89,9.6,10,4,Spin
Nathan Ellis,167,164,478.2,1981.5,225,8.81,4.14,12.75,3,7,Medium
George Linde,60,57,468.4,2386.2,75,31.82,5.09,37.47,3,1,Fast
Brett Lee,201,197,549.6,1524.0,307,4.96,2.77,10.74,8,4,Medium
Matt Henry,128,124,261.4,1628.4,142,11.47,6.23,11.05,2,2,Medium
Angelo Mathews,100,95,67.4,180.6,169,1.07,2.68,2.39,0,0,Fast
Lungi Ngidi,105,100,329.4,1867.8,160,11.67,5.67,12.35,2,4,Fast
Lungi Ngidi,238,238,28.3,161.6,240,0.67,5.71,0.71,7,4,Fast
Jasprit Bumrah,194,194,210.7,1272.3,235,5.41,6.04,5.38,8,1,Spin
Shane Warne,62,57,410.2,2257.9,74,30.51,5.5,33.26,3,0,Fast
Hasan Ali,34,32,234.7,1080.8,59,18.32,4.61,23.87,2,1,Spin
Alzarri Joseph,117,113,522.5,2845.7,176,16.17,5.45,17.81,8,2,Medium
Ravindra Jadeja,96,92,34.3,126.6,48,2.64,3.69,4.29,2,0,Medium
Obed McCoy,45,41,229.7,942.6,62,15.2,4.1,22.23,1,1,Spin
Sunil Narine,260,258,30.8,125.2,429,0.29,4.06,0.43,14,8,Medium
Mohammad Amir,131,126,430.3,1613.5,111,14.54,3.75,23.26,5,2,Fast
Dale Steyn,231,227,576.9,2345.9,264,8.89,4.07,13.11,3,1,Spin
Glenn McGrath,82,80,306.6,1100.1,54,20.37,3.59,34.07,2,1,Spin
Kuldeep Yadav,225,220,538.7,3142.2,338,9.3,5.83,9.56,11,7,Medium
Andile Phehlukwayo,258,256,172.1,721.7,290,2.49,4.19,3.56,4,0,Spin
Shoaib Akhtar,86,83,385.4,2496.7,126,19.82,6.48,18.35,4,0,Fast
Obed McCoy,172,169,479.2,2131.3,96,22.2,4.45,29.95,4,1,Spin
Hayden Walsh Jr.,19,16,116.5,626.0,12,52.17,5.37,58.25,0,0,Fast
Adam Zampa,217,213,153.3,553.3,170,3.25,3.61,5.41,0,0,Medium
Shaheen Afridi,299,298,338.7,2151.9,380,5.66,6.35,5.35,5,0,Medium
Ravi Bishnoi,283,279,461.0,1377.3,154,8.94,2.99,17.96,3,3,Fast
Kuldeep Yadav,292,287,320.7,1344.4,524,2.57,4.19,3.67,17,16,Fast
Lockie Ferguson,90,86,581.6,2130.2,58,36.73,3.66,60.17,2,0,Spin
Faheem Ashraf,94,94,411.5,1449.3,155,9.35,3.52,15.93,3,0,Spin
Deepak Chahar,218,218,236.6,1304.1,189,6.9,5.51,7.51,0,4,Fast
Harbhajan Singh,223,222,576.0,3039.8,249,12.21,5.28,13.88,10,1,Medium
Jasprit Bumrah,13,8,534.8,2378.9,12,198.24,4.45,267.4,0,0,Spin
Mohammad Nawaz,291,288,394.1,1088.5,566,1.92,2.76,4.18,11,0,Fast
Sandeep Lamichhane,123,123,378.6,1334.0,67,19.91,3.52,33.9,1,2,Spin
Ravindra Jadeja,207,204,574.0,3022.1,130,23.25,5.26,26.49,4,4,Medium
T Natarajan,286,282,77.5,417.1,469,0.89,5.38,0.99,18,12,Medium
Jaydev Unadkat,85,82,336.6,938.3,160,5.86,2.79,12.62,8,4,Spin
Faheem Ashraf,146,146,301.9,1948.1,292,6.67,6.45,6.2,13,0,Fast
Washington Sundar,145,141,535.0,1572.7,197,7.98,2.94,16.29,5,3,Medium
Anil Kumble,48,44,472.4,1482.7,86,17.24,3.14,32.96,4,1,Spin
Ajantha Mendis,239,234,306.6,1565.8,328,4.77,5.11,5.61,9,4,Spin
Kyle Jamieson,28,27,57.8,209.7,23,9.12,3.63,15.08,1,0,Fast
Varun Chakravarthy,290,288,87.2,477.3,561,0.85,5.47,0.93,24,5,Spin
Adam Zampa,83,78,293.3,1062.8,57,18.65,3.62,30.87,1,1,Spin
Sandeep Lamichhane,238,233,408.1,2043.4,433,4.72,5.01,5.65,18,6,Fast
Imran Tahir,159,156,141.6,654.8,222,2.95,4.62,3.83,3,1,Medium
Shoaib Akhtar,39,34,470.7,1971.7,35,56.33,4.19,80.69,0,1,Fast
Sheldon Cottrell,18,18,559.5,1906.8,36,52.97,3.41,93.25,0,1,Spin
Mitchell Starc,14,11,488.6,2142.8,8,267.85,4.39,366.45,0,0,Fast
Mohammed Shami,58,55,360.7,1863.1,37,50.35,5.17,58.49,1,1,Fast
Shakib Al Hasan,175,170,354.7,1193.3,95,12.56,3.36,22.4,2,0,Fast
Aamer Jamal,152,150,65.1,345.0,180,1.92,5.3,2.17,4,1,Fast
Sheldon Cottrell,133,131,339.1,1616.1,152,10.63,4.77,13.39,7,1,Fast
Kyle Jamieson,61,56,70.3,253.2,44,5.75,3.6,9.59,1,1,Fast
George Linde,298,297,196.5,758.9,271,2.8,3.86,4.35,10,1,Fast
Adil Rashid,140,136,596.1,3029.9,236,12.84,5.08,15.16,3,6,Medium
Ish Sodhi,286,284,103.0,372.3,278,1.34,3.61,2.22,7,6,Spin
Glenn McGrath,69,64,28.6,125.9,57,2.21,4.4,3.01,1,1,Fast
Sam Curran,198,197,373.9,1184.7,269,4.4,3.17,8.34,11,7,Medium
Faheem Ashraf,112,107,344.7,1499.9,164,9.15,4.35,12.61,1,1,Fast
Mohammed Siraj,286,284,331.2,1460.2,232,6.29,4.41,8.57,3,3,Fast
Sandeep Lamichhane,85,83,482.6,1539.0,92,16.73,3.19,31.47,1,3,Medium
Josh Hazlewood,164,164,134.7,561.5,224,2.51,4.17,3.61,7,3,Medium
Mohammad Amir,167,167,242.9,1575.6,125,12.6,6.49,11.66,5,1,Spin
Kuldeep Yadav,58,54,567.6,3378.6,102,33.12,5.95,33.39,3,2,Spin
Washington Sundar,20,15,440.0,1796.4,28,64.16,4.08,94.29,0,0,Spin
Bhuvneshwar Kumar,236,236,236.5,632.8,373,1.7,2.68,3.8,0,1,Spin
Wasim Akram,155,155,362.9,1757.4,182,9.66,4.84,11.96,2,0,Spin
Dwayne Bravo,120,118,175.0,712.5,128,5.57,4.07,8.2,1,3,Fast
Matt Henry,207,205,546.9,2438.5,157,15.53,4.46,20.9,5,5,Fast
George Linde,23,21,294.8,741.2,27,27.45,2.51,65.51,1,0,Spin
Keemo Paul,244,241,284.2,1370.5,455,3.01,4.82,3.75,19,0,Medium
Thisara Perera,181,180,255.4,783.5,155,5.05,3.07,9.89,6,1,Medium
Nathan Ellis,25,23,535.6,1884.2,30,62.81,3.52,107.12,1,0,Spin
Jaydev Unadkat,80,76,358.7,2133.4,83,25.7,5.95,25.93,2,2,Medium
Yasir Shah,57,52,226.1,975.2,82,11.89,4.31,16.54,2,2,Medium
T Natarajan,93,88,460.1,2732.4,76,35.95,5.94,36.32,0,0,Spin
Rashid Khan,180,178,377.8,962.3,175,5.5,2.55,12.95,6,5,Spin
Jaydev Unadkat,49,45,371.4,1361.0,46,29.59,3.66,48.44,2,0,Spin
Mitchell Starc,153,148,177.3,949.6,126,7.54,5.36,8.44,4,2,Spin
Chaminda Vaas,16,13,393.8,2176.8,26,83.72,5.53,90.88,1,0,Medium
Taskin Ahmed,17,17,564.8,1469.0,19,77.32,2.6,178.36,0,0,Spin
Morne Morkel,26,25,102.2,313.4,39,8.04,3.07,15.72,1,1,Fast
Oshane Thomas,276,274,286.7,1298.6,354,3.67,4.53,4.86,4,2,Spin
Mohammed Siraj,189,187,351.2,1428.7,325,4.4,4.07,6.48,11,3,Fast
Rashid Khan,105,105,48.1,170.2,187,0.91,3.54,1.54,3,6,Fast
Ajit Agarkar,179,179,28.5,112.2,123,0.91,3.94,1.39,3,3,Fast
Kagiso Rabada,159,154,122.5,394.1,165,2.39,3.22,4.45,8,0,Spin
Lockie Ferguson,200,198,147.7,646.4,385,1.68,4.38,2.3,6,0,Fast
Shoaib Akhtar,68,67,370.0,1631.1,107,15.24,4.41,20.75,5,1,Fast
Dale Steyn,14,11,428.9,2065.7,6,344.28,4.82,428.9,0,0,Medium
Jason Holder,176,174,572.5,3484.2,201,17.33,6.09,17.09,0,0,Spin
Axar Patel,61,57,501.0,1783.5,66,27.02,3.56,45.55,1,0,Medium
Pat Cummins,119,119,205.6,659.7,64,10.31,3.21,19.27,0,1,Spin
Mashrafe Mortaza,127,125,531.3,3071.2,102,30.11,5.78,31.25,3,1,Fast
Deepak Chahar,32,31,264.3,797.7,51,15.64,3.02,31.09,0,1,Medium
Umar Gul,157,156,450.2,2385.3,232,10.28,5.3,11.64,6,5,Medium
Waqar Younis,143,143,275.4,1422.5,221,6.44,5.17,7.48,2,5,Fast
Mitchell Starc,27,23,398.6,2000.5,30,66.68,5.02,79.72,1,0,Medium
Hasan Ali,255,251,40.1,173.9,453,0.38,4.34,0.53,8,15,Spin
Aamer Jamal,165,165,417.0,2139.6,286,7.48,5.13,8.75,12,0,Spin
Keemo Paul,223,218,111.0,676.4,226,2.99,6.09,2.95,8,6,Fast
Morne Morkel,73,71,79.0,336.5,55,6.12,4.26,8.62,2,1,Fast
Michael Neser,280,277,187.3,1215.4,330,3.68,6.49,3.41,8,9,Fast
Yuzvendra Chahal,191,188,146.6,845.9,132,6.41,5.77,6.66,2,0,Medium
Dale Steyn,66,66,278.0,1672.4,112,14.93,6.02,14.89,1,2,Medium
Lasith Malinga,261,257,247.9,971.3,405,2.4,3.92,3.67,8,7,Spin
Mashrafe Mortaza,270,267,115.7,710.8,421,1.69,6.14,1.65,12,2,Spin
Jasprit Bumrah,291,291,535.1,3465.8,371,9.34,6.48,8.65,11,2,Spin
Lockie Ferguson,19,19,399.4,1199.4,36,33.32,3.0,66.57,1,1,Fast
Mohammad Hafeez,36,32,585.1,3040.9,57,53.35,5.2,61.59,1,1,Spin
Dwayne Bravo,172,169,498.5,2540.0,314,8.09,5.1,9.53,5,10,Fast
Jasprit Bumrah,289,287,303.8,1494.4,182,8.21,4.92,10.02,6,6,Spin
Jasprit Bumrah,57,54,94.7,300.8,30,10.03,3.18,18.94,1,1,Spin
Roston Chase,171,166,211.1,831.9,223,3.73,3.94,5.68,0,1,Medium
Anil Kumble,166,162,437.8,1991.7,318,6.26,4.55,8.26,5,9,Medium
Sunil Narine,14,14,39.7,112.9,15,7.53,2.84,15.88,0,0,Spin
Obed McCoy,49,48,374.4,1946.9,49,39.73,5.2,45.84,1,1,Spin
Mohammed Shami,185,184,476.7,3006.1,123,24.44,6.31,23.25,0,3,Spin
Lungi Ngidi,105,105,202.6,917.9,100,9.18,4.53,12.16,2,1,Fast
Mohammed Shami,43,41,142.9,505.9,31,16.32,3.54,27.66,1,0,Spin
Sean Abbott,279,278,209.0,777.6,238,3.27,3.72,5.27,5,7,Medium
Shakib Al Hasan,16,16,276.7,1337.7,8,167.21,4.83,207.52,0,0,Medium
Waqar Younis,33,29,188.1,1029.2,49,21.0,5.47,23.03,2,0,Fast
Michael Neser,260,260,294.0,1857.4,281,6.61,6.32,6.28,5,5,Fast
Lungi Ngidi,279,278,574.2,3328.4,146,22.8,5.8,23.6,3,0,Medium
Tabraiz Shamsi,65,63,130.2,449.1,85,5.28,3.45,9.19,1,0,Spin
Josh Hazlewood,112,109,579.8,2486.6,206,12.07,4.29,16.89,9,2,Fast
Tim Southee,27,27,360.6,1486.4,23,64.63,4.12,94.07,0,0,Medium
Washington Sundar,235,235,500.4,1274.5,228,5.59,2.55,13.17,9,5,Spin
Yuzvendra Chahal,295,295,498.9,2811.2,437,6.43,5.63,6.85,0,6,Fast
Sunil Narine,49,48,242.5,962.1,71,13.55,3.97,20.49,0,2,Medium
Nathan Ellis,206,205,54.4,290.2,124,2.34,5.33,2.63,5,3,Fast
Brett Lee,207,202,166.2,1004.0,135,7.44,6.04,7.39,6,0,Fast
Jasprit Bumrah,40,40,378.6,2183.7,23,94.94,5.77,98.77,0,0,Spin
Kesrick Williams,122,120,441.3,2014.9,124,16.25,4.57,21.35,4,3,Spin
Adam Zampa,290,285,133.1,741.1,258,2.87,5.57,3.1,12,6,Fast
Umar Gul,85,80,157.2,837.5,41,20.43,5.33,23.0,2,0,Fast
Lockie Ferguson,217,213,570.4,2456.7,238,10.32,4.31,14.38,4,3,Fast
Lockie Ferguson,71,66,398.3,1766.0,54,32.7,4.43,44.26,2,1,Spin
Faheem Ashraf,264,264,330.3,999.6,323,3.09,3.03,6.14,1,0,Medium
Wayne Parnell,197,192,345.0,1287.0,261,4.93,3.73,7.93,5,4,Spin
Nathan Ellis,121,121,177.5,733.5,166,4.42,4.13,6.42,0,4,Spin
Adam Zampa,31,26,516.5,1972.9,29,68.03,3.82,106.86,1,0,Medium
Keemo Paul,179,178,262.7,1434.3,319,4.5,5.46,4.94,15,7,Spin
Chris Woakes,217,216,347.7,1404.5,418,3.36,4.04,4.99,16,13,Spin
Ravi Bishnoi,17,14,493.5,1248.3,24,52.01,2.53,123.38,1,0,Spin
Lungi Ngidi,141,140,482.9,1267.7,130,9.75,2.63,22.29,3,3,Spin
Lockie Ferguson,264,260,534.8,2523.4,377,6.69,4.72,8.51,3,4,Spin
Nathan Ellis,298,298,88.2,499.4,271,1.84,5.66,1.95,8,2,Spin
Hasan Ali,185,185,48.0,226.2,324,0.7,4.71,0.89,14,0,Medium
Jerome Taylor,214,210,291.6,1130.2,370,3.05,3.88,4.73,15,6,Spin
Matt Henry,166,166,395.0,2396.9,201,11.92,6.07,11.79,0,5,Spin
Mohammad Wasim Jr,110,106,227.9,1194.5,193,6.19,5.24,7.08,9,3,Fast
Matt Henry,180,180,435.0,1474.3,186,7.93,3.39,14.03,6,3,Medium
Matt Henry,117,113,262.5,657.0,131,5.02,2.5,12.02,0,4,Spin
Shoaib Akhtar,49,47,305.0,1696.9,66,25.71,5.56,27.73,1,1,Spin
Yasir Shah,168,166,479.7,1588.3,93,17.08,3.31,30.95,4,1,Medium
Mohammed Siraj,115,115,489.0,2919.6,68,42.94,5.97,43.15,3,2,Spin
Romario Shepherd,163,160,294.1,1199.8,260,4.61,4.08,6.79,2,2,Fast
Kyle Jamieson,53,51,415.9,1062.1,33,32.18,2.55,75.62,1,1,Medium
Glenn McGrath,150,149,103.3,286.5,193,1.48,2.77,3.21,6,5,Fast
Harbhajan Singh,43,43,159.4,902.4,73,12.36,5.66,13.1,3,2,Spin
Yuzvendra Chahal,289,289,173.8,479.7,259,1.85,2.76,4.03,12,2,Fast
Kuldeep Yadav,34,31,513.4,3194.1,17,187.89,6.22,181.2,0,0,Spin
Sandeep Lamichhane,52,47,448.5,1826.7,64,28.54,4.07,42.05,0,0,Spin
Lasith Malinga,160,155,262.3,1032.7,270,3.82,3.94,5.83,3,7,Medium
Jerome Taylor,229,225,446.8,2670.7,235,11.36,5.98,11.41,7,2,Medium
Shakib Al Hasan,209,206,124.4,312.7,258,1.21,2.51,2.89,5,5,Spin
Hasan Ali,113,110,136.3,341.0,210,1.62,2.5,3.89,9,5,Fast
Mehidy Hasan,19,18,91.4,265.8,30,8.86,2.91,18.28,1,1,Medium
Faheem Ashraf,202,200,532.4,1799.8,390,4.61,3.38,8.19,14,4,Fast
Adil Rashid,81,81,581.6,3287.5,84,39.14,5.65,41.54,0,2,Fast
Ashton Agar,24,20,341.0,1234.9,11,112.26,3.62,186.0,0,0,Spin
Sean Abbott,82,81,510.0,1459.7,54,27.03,2.86,56.67,1,0,Medium
Moeen Ali,230,229,53.5,143.3,353,0.41,2.68,0.91,16,1,Spin
Mashrafe Mortaza,177,172,524.2,1354.9,244,5.55,2.58,12.89,6,2,Medium
Yasir Shah,116,113,139.6,381.5,185,2.06,2.73,4.53,0,0,Fast
Pat Cummins,85,81,472.1,2026.5,70,28.95,4.29,40.47,1,2,Medium
Arshdeep Singh,286,285,199.8,686.4,450,1.53,3.44,2.66,18,6,Medium
Mohammad Nawaz,167,164,155.2,989.7,194,5.1,6.38,4.8,2,1,Medium
Arshdeep Singh,190,188,593.2,1818.4,247,7.36,3.07,14.41,11,8,Medium
Chris Woakes,154,151,296.4,1371.3,147,9.33,4.63,12.1,0,2,Medium
Thisara Perera,96,94,481.9,2671.3,117,22.83,5.54,24.71,2,3,Medium
Deepak Chahar,293,288,210.2,833.8,460,1.81,3.97,2.74,13,3,Fast
Muttiah Muralitharan,86,86,536.2,2336.4,165,14.16,4.36,19.5,1,4,Medium
Umar Gul,25,22,124.8,378.2,27,14.01,3.03,27.73,0,0,Medium
Oshane Thomas,160,158,382.9,1651.1,265,6.23,4.31,8.67,5,4,Fast
Sheldon Cottrell,69,64,467.2,1810.6,78,23.21,3.88,35.94,0,1,Fast
Brett Lee,64,59,343.8,1744.2,118,14.78,5.07,17.48,4,2,Fast
Wasim Akram,142,142,238.6,1453.9,205,7.09,6.09,6.98,7,3,Spin
Kyle Jamieson,175,173,225.0,704.6,185,3.81,3.13,7.3,8,2,Fast
Hasan Ali,209,208,113.9,347.9,285,1.22,3.05,2.4,1,5,Spin
Taskin Ahmed,27,26,154.6,903.0,30,30.1,5.84,30.92,0,1,Fast
Lungi Ngidi,59,59,211.0,940.0,83,11.33,4.45,15.25,3,2,Spin
Harbhajan Singh,193,189,141.8,377.3,251,1.5,2.66,3.39,6,5,Medium
Josh Hazlewood,213,208,237.6,840.1,338,2.49,3.54,4.22,13,11,Fast
Mustafizur Rahman,143,142,34.4,86.1,179,0.48,2.5,1.15,2,5,Medium
Shaheen Afridi,174,172,502.4,3183.8,333,9.56,6.34,9.05,14,11,Spin
Washington Sundar,46,44,216.0,1127.9,47,24.0,5.22,27.57,1,1,Fast
Deepak Chahar,298,298,113.7,662.9,259,2.56,5.83,2.63,7,1,Spin
Wayne Parnell,39,35,528.3,3230.0,48,67.29,6.11,66.04,1,1,Fast
Dwayne Bravo,104,101,366.7,1914.0,193,9.92,5.22,11.4,7,3,Spin
Lockie Ferguson,249,248,399.3,1679.4,369,4.55,4.21,6.49,2,8,Spin
Sam Curran,261,257,208.0,740.1,196,3.78,3.56,6.37,6,4,Fast
Alzarri Joseph,20,17,380.9,1155.8,18,64.21,3.03,126.97,0,0,Medium
Axar Patel,164,160,316.7,797.6,231,3.45,2.52,8.23,2,7,Fast
Faheem Ashraf,214,211,171.6,884.4,422,2.1,5.15,2.44,1,13,Fast
Romario Shepherd,210,208,573.8,3645.4,179,20.37,6.35,19.23,0,2,Fast
Yasir Shah,255,255,562.5,1659.3,222,7.47,2.95,15.2,7,1,Fast
Nathan Lyon,87,84,312.8,1412.8,167,8.46,4.52,11.24,1,2,Fast
Sean Abbott,124,124,347.0,1046.7,229,4.57,3.02,9.09,6,5,Medium
Hayden Walsh Jr.,221,216,524.8,3077.9,231,13.32,5.86,13.63,7,7,Medium
Obed McCoy,69,66,441.4,1841.1,101,18.23,4.17,26.22,1,0,Spin
Mashrafe Mortaza,194,194,260.5,864.3,352,2.46,3.32,4.44,2,8,Fast
Morne Morkel,13,11,302.0,1721.0,17,101.24,5.7,106.59,0,0,Medium
Axar Patel,245,240,585.2,3085.1,419,7.36,5.27,8.38,10,4,Fast
Mohammad Hafeez,21,17,317.1,1174.2,31,37.88,3.7,61.37,1,0,Medium
Mohammed Shami,161,159,179.5,787.7,278,2.83,4.39,3.87,2,6,Medium
Varun Chakravarthy,222,218,444.2,1743.9,408,4.27,3.93,6.53,6,4,Fast
Thisara Perera,204,201,585.2,3486.1,257,13.56,5.96,13.66,5,2,Medium
Adil Rashid,230,226,43.9,237.8,379,0.63,5.42,0.69,10,8,Fast
Sandeep Lamichhane,202,197,590.4,2112.0,217,9.73,3.58,16.32,10,5,Fast
Hasan Ali,145,142,267.8,842.1,280,3.01,3.14,5.74,11,2,Medium
Kyle Jamieson,179,177,533.8,3007.9,351,8.57,5.63,9.12,10,6,Fast
Ben Stokes,296,292,284.3,1752.5,264,6.64,6.16,6.46,5,4,Medium
T Natarajan,51,50,145.9,563.3,88,6.4,3.86,9.95,0,0,Spin
Angelo Mathews,201,196,26.7,101.3,103,0.98,3.79,1.56,0,1,Medium
Brett Lee,117,113,166.6,723.8,98,7.39,4.34,10.2,2,2,Spin
Brett Lee,145,145,138.6,565.2,73,7.74,4.08,11.39,2,0,Medium
Mohammad Nawaz,292,288,564.0,1601.1,401,3.99,2.84,8.44,2,7,Medium
Thisara Perera,75,71,68.4,175.1,102,1.72,2.56,4.02,1,2,Medium
Adil Rashid,114,113,377.9,1796.8,131,13.72,4.75,17.31,6,1,Fast
Josh Hazlewood,290,287,460.9,2919.9,436,6.7,6.34,6.34,13,0,Fast
Kyle Jamieson,195,192,281.0,1074.5,117,9.18,3.82,14.41,5,3,Medium
Varun Chakravarthy,11,11,304.4,1252.5,16,78.28,4.11,114.15,0,0,Spin
Stuart Broad,253,250,344.5,1874.9,231,8.12,5.44,8.95,1,1,Fast
Alzarri Joseph,120,119,144.5,537.3,233,2.31,3.72,3.72,11,5,Fast
Yasir Shah,273,272,124.2,532.0,424,1.25,4.28,1.76,3,7,Fast
Tim Southee,158,156,253.4,761.3,145,5.25,3.0,10.49,7,4,Fast
Obed McCoy,58,57,293.3,1389.8,38,36.57,4.74,46.31,0,1,Fast
Andile Phehlukwayo,259,256,503.2,2277.9,217,10.5,4.53,13.91,1,6,Spin
Stuart Broad,42,39,560.0,3579.7,19,188.41,6.39,176.84,0,0,Spin
Matt Henry,77,77,123.3,586.2,54,10.86,4.75,13.7,0,1,Medium
Adam Zampa,98,94,320.7,1620.9,146,11.1,5.05,13.18,7,1,Spin
Andile Phehlukwayo,128,126,302.6,1786.0,69,25.88,5.9,26.31,2,2,Medium
Muttiah Muralitharan,163,159,511.5,1981.9,221,8.97,3.87,13.89,8,5,Fast
Rashid Khan,244,243,30.7,111.9,274,0.41,3.64,0.67,11,6,Medium
Muttiah Muralitharan,185,184,368.8,1454.7,279,5.21,3.94,7.93,13,0,Medium
Shoaib Akhtar,82,81,521.6,2513.3,141,17.82,4.82,22.2,1,4,Fast
Chris Woakes,197,194,556.7,3142.8,182,17.27,5.65,18.35,0,1,Fast
Oshane Thomas,212,210,130.0,486.5,329,1.48,3.74,2.37,10,0,Fast
Hasan Ali,88,84,20.2,67.1,51,1.32,3.32,2.38,0,1,Fast
Pat Cummins,240,236,271.0,1035.6,452,2.29,3.82,3.6,13,14,Fast
Shahid Afridi,74,72,261.5,1312.9,86,15.27,5.02,18.24,0,1,Spin
Bhuvneshwar Kumar,46,46,555.0,1697.3,89,19.07,3.06,37.42,1,0,Medium
Arshdeep Singh,117,114,259.8,1506.4,93,16.2,5.8,16.76,3,0,Spin
Washington Sundar,259,255,358.0,928.9,324,2.87,2.59,6.63,6,1,Medium
Ravichandran Ashwin,41,40,82.8,257.8,74,3.48,3.11,6.71,3,1,Fast
Brett Lee,163,158,55.0,220.0,100,2.2,4.0,3.3,0,0,Medium
Josh Hazlewood,107,107,259.1,1643.6,85,19.34,6.34,18.29,3,1,Medium
Washington Sundar,145,143,492.7,1731.8,182,9.52,3.51,16.24,9,6,Medium
Matt Henry,87,83,227.6,1330.8,160,8.32,5.85,8.54,5,1,Fast
Oshane Thomas,106,103,111.9,392.5,145,2.71,3.51,4.63,5,2,Medium
Mashrafe Mortaza,131,130,433.1,2431.7,153,15.89,5.61,16.98,7,2,Spin
Lasith Malinga,284,284,549.0,2610.9,194,13.46,4.76,16.98,0,6,Spin
Adil Rashid,212,209,180.0,884.1,170,5.2,4.91,6.35,5,4,Spin
Kuldeep Yadav,195,195,489.1,2777.7,284,9.78,5.68,10.33,10,5,Spin
Sheldon Cottrell,229,226,240.6,1563.8,374,4.18,6.5,3.86,18,3,Medium
Sean Abbott,299,299,494.9,2462.7,306,8.05,4.98,9.7,0,5,Fast
Mohammad Wasim Jr,117,117,591.2,1958.5,181,10.82,3.31,19.6,3,2,Medium
Deepak Chahar,158,153,477.1,1452.3,236,6.15,3.04,12.13,11,1,Medium
Rashid Khan,257,257,200.6,618.7,425,1.46,3.08,2.83,1,14,Fast
Ajantha Mendis,77,75,528.4,2831.8,93,30.45,5.36,34.09,4,1,Fast
Ajantha Mendis,83,81,373.4,1374.9,126,10.91,3.68,17.78,0,3,Fast
Morne Morkel,289,288,246.2,1233.2,445,2.77,5.01,3.32,17,3,Fast
Sean Abbott,164,159,448.5,2783.3,280,9.94,6.21,9.61,2,6,Fast
Mohammad Nawaz,64,61,302.7,1799.6,78,23.07,5.95,23.28,2,1,Fast
Adil Rashid,229,224,427.8,1397.4,193,7.24,3.27,13.3,5,0,Spin
Rahkeem Cornwall,87,87,70.3,346.4,129,2.69,4.93,3.27,1,4,Medium
Angelo Mathews,125,125,85.6,240.7,127,1.9,2.81,4.04,1,4,Fast
Oshane Thomas,190,190,303.3,1771.2,235,7.54,5.84,7.74,3,4,Medium
Pat Cummins,84,81,277.5,1264.8,42,30.11,4.56,39.64,1,0,Spin
Zaheer Khan,11,6,535.3,1907.9,4,476.98,3.56,802.95,0,0,Spin
Zaheer Khan,190,190,31.8,177.5,134,1.32,5.58,1.42,5,2,Spin
Shakib Al Hasan,297,296,153.3,390.3,243,1.61,2.55,3.79,9,5,Fast
T Natarajan,85,83,197.9,771.2,64,12.05,3.9,18.55,3,2,Spin
Saqlain Mushtaq,239,237,52.7,225.2,327,0.69,4.27,0.97,8,0,Spin
Umar Gul,52,48,76.7,224.5,73,3.08,2.93,6.3,0,0,Fast
Shane Warne,164,159,326.3,821.8,83,9.9,2.52,23.59,1,2,Medium
Tabraiz Shamsi,256,253,497.5,2860.3,328,8.72,5.75,9.1,2,1,Spin
Mark Wood,129,127,575.7,1921.4,206,9.33,3.34,16.77,6,4,Fast
Taskin Ahmed,257,257,39.6,197.7,238,0.83,4.99,1.0,7,2,Spin
Shakib Al Hasan,238,233,459.6,1683.7,400,4.21,3.66,6.89,8,11,Fast
Zaheer Khan,28,25,105.9,676.2,23,29.4,6.39,27.63,0,0,Spin
Muttiah Muralitharan,268,268,47.3,263.6,198,1.33,5.57,1.43,3,0,Spin
Brett Lee,227,227,480.9,2093.5,188,11.14,4.35,15.35,9,3,Spin
James Anderson,118,113,203.4,1003.7,191,5.25,4.93,6.39,3,4,Medium
Shaheen Afridi,84,83,285.5,1502.9,104,14.45,5.26,16.47,3,2,Spin
Romario Shepherd,279,278,347.7,2072.6,451,4.6,5.96,4.63,14,4,Medium
Mohammad Hafeez,174,170,33.0,92.6,308,0.3,2.81,0.64,8,0,Medium
Zaheer Khan,86,86,454.7,1900.6,51,37.27,4.18,53.49,2,0,Spin
Chris Woakes,19,17,255.0,889.3,12,74.11,3.49,127.5,0,0,Medium
Abdul Razzaq,51,51,261.1,1649.2,97,17.0,6.32,16.15,2,1,Medium
Obed McCoy,204,204,142.5,696.9,296,2.35,4.89,2.89,7,4,Medium
Faheem Ashraf,61,58,476.1,2405.6,107,22.48,5.05,26.7,3,3,Fast
Morne Morkel,282,280,384.7,1579.8,427,3.7,4.11,5.41,6,6,Spin
Ish Sodhi,12,11,122.5,688.3,10,68.83,5.62,73.5,0,0,Medium
Nathan Lyon,123,119,173.5,1060.0,208,5.1,6.11,5.0,2,1,Fast
Jerome Taylor,29,25,504.1,2260.4,44,51.37,4.48,68.74,0,0,Medium
Arshdeep Singh,284,284,368.9,2281.5,467,4.89,6.18,4.74,16,1,Fast
Adil Rashid,232,232,255.0,1111.0,265,4.19,4.36,5.77,6,1,Fast
Ravi Bishnoi,47,46,204.1,867.1,34,25.5,4.25,36.02,0,0,Medium
Rashid Khan,124,123,496.8,2726.5,126,21.64,5.49,23.66,1,3,Spin
Kuldeep Yadav,69,69,321.3,1341.7,132,10.16,4.18,14.6,4,0,Spin
Jerome Taylor,218,213,22.7,137.3,230,0.6,6.05,0.59,8,5,Medium
Ben Stokes,160,160,103.5,596.9,129,4.63,5.77,4.81,4,1,Spin
Mustafizur Rahman,284,280,117.8,306.7,464,0.66,2.6,1.52,14,0,Fast
Arshdeep Singh,234,232,221.5,1078.3,339,3.18,4.87,3.92,6,0,Spin
Ravindra Jadeja,216,213,104.7,276.6,277,1.0,2.64,2.27,0,9,Fast
Kagiso Rabada,172,168,213.8,950.7,150,6.34,4.45,8.55,1,4,Medium
Ajit Agarkar,32,28,402.5,1834.7,27,67.95,4.56,89.44,1,0,Spin
Glenn McGrath,28,23,95.9,410.4,33,12.44,4.28,17.44,1,0,Fast
Oshane Thomas,97,95,398.6,1752.3,168,10.43,4.4,14.24,1,4,Medium
Abdul Razzaq,270,268,200.0,1057.8,140,7.56,5.29,8.57,7,4,Fast
Kagiso Rabada,259,256,129.2,471.3,145,3.25,3.65,5.35,7,4,Medium
Anil Kumble,135,131,570.5,2379.9,210,11.33,4.17,16.3,3,5,Medium
Oshane Thomas,171,171,425.4,2353.1,282,8.34,5.53,9.05,7,6,Fast
Umar Gul,27,27,516.3,2667.2,39,68.39,5.17,79.43,1,1,Spin
Brett Lee,107,107,218.2,921.7,157,5.87,4.22,8.34,7,5,Fast
Varun Chakravarthy,29,26,348.4,929.7,48,19.37,2.67,43.55,0,1,Spin
Obed McCoy,200,198,572.7,2435.1,304,8.01,4.25,11.3,11,6,Medium
Saqlain Mushtaq,100,99,306.6,1150.4,68,16.92,3.75,27.05,3,0,Spin
Sunil Narine,173,169,415.2,1117.9,319,3.5,2.69,7.81,3,6,Medium
Shakib Al Hasan,181,179,157.0,727.2,312,2.33,4.63,3.02,15,1,Fast
Umar Gul,133,128,206.0,777.7,138,5.64,3.78,8.96,6,0,Spin
Deepak Chahar,198,195,261.4,763.8,337,2.27,2.92,4.65,9,10,Medium
Ben Stokes,14,12,147.4,568.8,11,51.71,3.86,80.4,0,0,Medium
Tim Southee,258,256,38.8,104.7,186,0.56,2.7,1.25,7,0,Fast
Chaminda Vaas,218,215,240.2,693.7,177,3.92,2.89,8.14,7,2,Medium
Waqar Younis,280,280,513.6,1913.5,528,3.62,3.73,5.84,2,13,Spin
Kagiso Rabada,204,203,347.4,1995.5,283,7.05,5.74,7.37,10,9,Fast
Arshdeep Singh,105,105,329.3,1618.0,68,23.79,4.91,29.06,1,1,Medium
Mehidy Hasan,238,233,134.1,481.5,322,1.5,3.59,2.5,2,1,Medium
Oshane Thomas,34,33,373.2,2287.7,28,81.7,6.13,79.97,1,0,Medium
Keemo Paul,57,57,83.0,347.2,50,6.94,4.18,9.96,2,1,Fast
Ravichandran Ashwin,229,224,113.3,674.8,292,2.31,5.96,2.33,1,5,Fast
Tim Southee,270,269,97.2,537.0,221,2.43,5.52,2.64,5,7,Spin
Imran Tahir,203,201,404.3,2099.2,131,16.02,5.19,18.52,5,0,Fast
Trent Boult,53,50,561.7,1910.3,75,25.47,3.4,44.94,0,1,Spin
Angelo Mathews,151,147,320.7,1364.5,253,5.39,4.25,7.61,1,7,Fast
Ashton Agar,46,43,503.5,1448.9,62,23.37,2.88,48.73,2,1,Spin
Mohammad Hafeez,60,57,473.3,1690.2,108,15.65,3.57,26.29,2,1,Medium
Washington Sundar,95,95,153.0,537.5,175,3.07,3.51,5.25,5,4,Spin
Pat Cummins,58,57,25.0,105.6,51,2.07,4.22,2.94,0,1,Fast
Ravindra Jadeja,100,99,390.8,1963.0,151,13.0,5.02,15.53,1,2,Spin
Varun Chakravarthy,154,151,453.9,1325.9,212,6.25,2.92,12.85,8,2,Medium
Ravi Bishnoi,53,50,266.3,1198.7,91,13.17,4.5,17.56,1,3,Medium
Chris Woakes,215,215,105.8,433.4,230,1.88,4.1,2.76,0,2,Medium
Faheem Ashraf,66,61,592.1,3066.4,38,80.69,5.18,93.49,0,1,Medium
Keshav Maharaj,110,108,530.0,2481.7,177,14.02,4.68,17.97,0,2,Spin
Mohammad Wasim Jr,125,123,519.7,2365.8,154,15.36,4.55,20.25,6,3,Fast
Imran Tahir,240,238,31.1,158.6,283,0.56,5.1,0.66,5,7,Fast
Trent Boult,218,217,446.3,2881.9,411,7.01,6.46,6.52,3,10,Fast
Josh Hazlewood,208,205,40.2,142.5,397,0.36,3.54,0.61,10,9,Medium
George Linde,117,114,359.4,1740.0,197,8.83,4.84,10.95,7,1,Fast
Wayne Parnell,124,124,559.7,2412.2,125,19.3,4.31,26.87,5,4,Fast
Ish Sodhi,230,227,223.0,1141.2,139,8.21,5.12,9.63,0,1,Spin
Oshane Thomas,232,230,151.2,684.4,312,2.19,4.53,2.91,3,4,Fast
Arshdeep Singh,214,210,500.6,1377.2,196,7.03,2.75,15.32,5,5,Spin
Alzarri Joseph,43,40,436.0,2323.9,68,34.18,5.33,38.47,2,0,Spin
Saqlain Mushtaq,19,19,351.1,1139.7,10,113.97,3.25,210.66,0,0,Spin
Mohammed Siraj,42,40,79.8,518.2,67,7.73,6.49,7.15,1,2,Medium
Yasir Shah,266,266,178.3,877.6,442,1.99,4.92,2.42,16,1,Fast
Ravi Bishnoi,224,221,159.3,751.1,441,1.7,4.72,2.17,6,6,Medium
Deepak Chahar,293,289,318.2,1332.8,279,4.78,4.19,6.84,7,5,Spin
Dwayne Bravo,292,291,53.1,287.1,242,1.19,5.41,1.32,6,8,Fast
Moeen Ali,186,186,106.6,516.8,248,2.08,4.85,2.58,9,5,Fast
Sheldon Cottrell,141,138,188.3,790.0,186,4.25,4.2,6.07,5,1,Fast
Mohammad Hafeez,34,34,89.8,253.1,41,6.17,2.82,13.14,1,0,Fast
Hayden Walsh Jr.,19,16,94.8,587.8,27,21.77,6.2,21.07,1,0,Fast
George Linde,161,161,130.1,777.7,307,2.53,5.98,2.54,7,3,Fast
Washington Sundar,259,259,138.8,421.9,256,1.65,3.04,3.25,5,1,Spin
Kuldeep Yadav,206,206,129.4,804.5,137,5.87,6.22,5.67,1,3,Fast
Michael Neser,37,35,558.6,1462.3,52,28.12,2.62,64.45,0,0,Medium
Adam Zampa,192,190,340.9,953.2,327,2.91,2.8,6.26,5,2,Fast
Adil Rashid,239,236,373.8,1905.8,417,4.57,5.1,5.38,11,5,Medium
Keemo Paul,12,7,367.7,1192.8,11,108.44,3.24,200.56,0,0,Medium
Kyle Jamieson,214,214,429.6,2716.4,172,15.79,6.32,14.99,3,0,Fast
Keshav Maharaj,281,279,520.5,1680.6,319,5.27,3.23,9.79,9,9,Spin
Trent Boult,178,175,272.8,683.0,287,2.38,2.5,5.7,3,8,Spin
Romario Shepherd,127,124,97.9,535.3,239,2.24,5.47,2.46,6,2,Medium
Dwaine Pretorius,192,187,544.3,1636.8,256,6.39,3.01,12.76,9,1,Fast
Yasir Shah,151,147,326.0,957.6,171,5.6,2.94,11.44,3,1,Spin
Jaydev Unadkat,148,145,526.7,2440.0,118,20.68,4.63,26.78,3,1,Fast
Mohammed Shami,207,207,196.8,582.1,363,1.6,2.96,3.25,5,7,Spin
Romario Shepherd,88,88,449.3,2071.3,147,14.09,4.61,18.34,1,2,Fast
Morne Morkel,96,93,438.7,2016.6,112,18.01,4.6,23.5,1,2,Medium
Kuldeep Yadav,238,235,304.2,1259.0,209,6.02,4.14,8.73,7,2,Medium
James Anderson,19,16,213.2,1099.1,22,49.96,5.16,58.15,0,0,Spin
Ashton Agar,288,287,529.1,1735.3,214,8.11,3.28,14.83,4,5,Medium
Pat Cummins,283,279,254.9,1576.4,372,4.24,6.18,4.11,17,4,Spin
Ben Stokes,277,272,30.0,102.6,451,0.23,3.42,0.4,14,0,Medium
Faheem Ashraf,120,120,368.2,1607.6,212,7.58,4.37,10.42,8,6,Fast
Jason Holder,249,248,518.5,2712.4,179,15.15,5.23,17.38,1,5,Spin
Thisara Perera,183,182,290.0,1446.0,350,4.13,4.99,4.97,9,3,Medium
Matt Henry,73,68,456.0,2470.6,117,21.12,5.42,23.38,4,3,Medium
Nathan Ellis,18,14,147.6,403.4,19,21.23,2.73,46.61,0,0,Fast
Kuldeep Yadav,19,19,524.0,2738.1,23,119.05,5.23,136.7,1,0,Medium
Shane Warne,177,175,108.4,693.6,274,2.53,6.4,2.37,9,8,Fast
Shoaib Akhtar,198,194,79.1,297.6,323,0.92,3.76,1.47,7,0,Spin
Andile Phehlukwayo,224,222,394.1,1692.4,245,6.91,4.29,9.65,11,1,Spin
Anil Kumble,187,185,377.5,1711.8,128,13.37,4.53,17.7,0,1,Medium
Umar Gul,158,154,575.5,2733.5,235,11.63,4.75,14.69,2,4,Spin
Mohammad Wasim Jr,181,177,275.6,760.5,250,3.04,2.76,6.61,9,0,Spin
James Anderson,218,214,416.0,2147.1,153,14.03,5.16,16.31,5,4,Fast
Obed McCoy,232,230,498.5,2952.3,208,14.19,5.92,14.38,10,0,Medium
Mustafizur Rahman,194,192,386.6,1506.0,213,7.07,3.9,10.89,5,3,Fast
Ajit Agarkar,203,200,90.7,239.3,265,0.9,2.64,2.05,3,3,Medium
Bhuvneshwar Kumar,243,243,279.7,1404.6,379,3.71,5.02,4.43,16,9,Fast
Brett Lee,265,262,26.4,154.7,242,0.64,5.86,0.65,11,3,Medium
Kagiso Rabada,204,200,477.5,1699.6,285,5.96,3.56,10.05,12,6,Fast
Jasprit Bumrah,96,93,225.6,1153.2,54,21.36,5.11,25.07,1,0,Fast
Kuldeep Yadav,239,237,48.7,135.1,453,0.3,2.77,0.65,4,7,Fast
Angelo Mathews,229,225,440.3,1550.5,371,4.18,3.52,7.12,0,0,Fast
Ish Sodhi,40,40,478.6,1337.7,73,18.32,2.8,39.34,0,2,Spin
Sunil Narine,228,227,315.1,1260.9,322,3.92,4.0,5.87,16,10,Fast
Nathan Lyon,228,225,454.6,2230.2,116,19.23,4.91,23.51,1,2,Fast
Shakib Al Hasan,66,63,422.4,1795.9,112,16.03,4.25,22.63,3,1,Medium
Mitchell Starc,221,216,352.6,982.5,202,4.86,2.79,10.47,0,4,Fast
Jason Holder,103,100,184.6,871.3,81,10.76,4.72,13.67,4,2,Fast
Brett Lee,122,119,467.0,1231.7,232,5.31,2.64,12.08,11,3,Spin
Roston Chase,244,240,578.6,3509.3,204,17.2,6.07,17.02,9,3,Medium
Deepak Chahar,263,261,450.8,1580.2,327,4.83,3.51,8.27,8,8,Medium
Anil Kumble,169,168,505.9,1341.8,304,4.41,2.65,9.98,2,9,Spin
Mustafizur Rahman,107,104,352.4,1636.3,169,9.68,4.64,12.51,0,4,Medium
Glenn McGrath,88,85,554.5,2679.2,51,52.53,4.83,65.24,0,1,Fast
Mohammad Nawaz,142,138,112.7,328.0,202,1.62,2.91,3.35,1,2,Spin
Mustafizur Rahman,48,44,367.5,1574.9,72,21.87,4.29,30.62,3,1,Medium
Waqar Younis,259,257,154.5,816.0,255,3.2,5.28,3.64,0,3,Medium
Adil Rashid,159,157,165.1,770.3,104,7.41,4.67,9.52,1,1,Spin
Arshdeep Singh,158,153,35.7,225.6,288,0.78,6.32,0.74,2,1,Medium
Mohammad Hafeez,31,31,257.5,1404.3,27,52.01,5.45,57.22,0,0,Spin
Zaheer Khan,37,37,516.0,2787.3,55,50.68,5.4,56.29,0,1,Fast
Mohammad Hafeez,26,22,404.2,2391.4,35,68.33,5.92,69.29,1,0,Spin
Shane Warne,43,42,336.4,1661.4,31,53.59,4.94,65.11,0,1,Spin
Rashid Khan,193,190,265.6,1247.0,114,10.94,4.7,13.98,4,3,Medium
Oshane Thomas,244,241,252.3,766.0,319,2.4,3.04,4.75,10,10,Fast
Harbhajan Singh,215,215,484.5,1801.6,274,6.58,3.72,10.61,2,8,Fast
Wayne Parnell,243,238,573.0,3217.9,166,19.38,5.62,20.71,2,1,Spin
Varun Chakravarthy,44,43,330.1,2117.2,27,78.41,6.41,73.36,0,0,Fast
Adam Zampa,89,89,586.0,3007.1,177,16.99,5.13,19.86,8,1,Fast
George Linde,191,189,234.1,1057.4,348,3.04,4.52,4.04,12,3,Medium
Sam Curran,134,131,301.9,1549.9,85,18.23,5.13,21.31,2,0,Medium
Morne Morkel,67,62,404.6,1861.4,95,19.59,4.6,25.55,1,0,Spin
Kagiso Rabada,41,38,356.4,893.8,55,16.25,2.51,38.88,2,0,Spin
Pat Cummins,184,184,324.8,1623.7,195,8.33,5.0,9.99,2,5,Spin
Lungi Ngidi,105,103,183.5,1132.7,177,6.4,6.17,6.22,3,0,Fast
Andile Phehlukwayo,213,208,236.2,1303.5,108,12.07,5.52,13.12,1,3,Fast
Lasith Malinga,173,171,92.3,452.7,252,1.8,4.9,2.2,7,8,Spin
Wasim Akram,176,176,160.9,624.6,103,6.06,3.88,9.37,3,0,Medium
Tabraiz Shamsi,119,115,290.0,1353.3,150,9.02,4.67,11.6,3,0,Medium
Lungi Ngidi,223,220,380.3,1830.4,377,4.86,4.81,6.05,1,7,Medium
Adil Rashid,230,225,241.3,1110.8,403,2.76,4.6,3.59,19,6,Spin
Faheem Ashraf,189,184,471.2,2626.8,325,8.08,5.57,8.7,10,7,Fast
Shaheen Afridi,236,236,207.0,865.8,401,2.16,4.18,3.1,4,6,Medium
George Linde,273,272,438.9,1264.0,385,3.28,2.88,6.84,19,10,Spin
Ish Sodhi,17,14,234.1,1322.8,23,57.51,5.65,61.07,1,0,Spin
Shane Warne,50,46,151.5,572.1,66,8.67,3.78,13.77,3,1,Medium
Lungi Ngidi,294,291,369.2,1964.2,329,5.97,5.32,6.73,11,3,Medium
Faheem Ashraf,238,233,195.4,661.8,196,3.38,3.39,5.98,5,0,Fast
Yuzvendra Chahal,272,267,117.9,735.1,314,2.34,6.23,2.25,13,1,Spin
Andile Phehlukwayo,37,36,570.7,1646.4,64,25.73,2.88,53.5,3,2,Medium
Mohammad Nawaz,48,44,161.0,682.3,68,10.03,4.24,14.21,1,0,Medium
